timestamp_rgb,est_x,est_y,est_z,timestamp_gt,gt_x,gt_y,gt_z,time_diff
1311868164.363181,0.0,0.0,0.0,1311868164.3632,-0.1546,-1.4445,1.4773,1.8835067749023438e-05
1311868164.399026,0.30750610358464736,-0.7932909128911168,-0.5254802791566651,1311868164.3998,-0.1578,-1.4458,1.477,0.0007741451263427734
1311868164.43094,0.5826577261798853,-1.644854194078138,-0.07923868235376608,1311868164.4298,-0.1601,-1.4472,1.4767,0.0011398792266845703
1311868164.463055,1.0988584395306071,-2.202890891161138,-0.7289554423691613,1311868164.4632,-0.1633,-1.4501,1.4766,0.00014519691467285156
1311868164.49913,1.1765666120154699,-3.1378067683494124,-0.3826986842974357,1311868164.4998,-0.166,-1.4525,1.4765,0.0006699562072753906
1311868164.531025,1.2884662309901793,-4.105444212227888,-0.1565212042565526,1311868164.5298,-0.1674,-1.4547,1.4768,0.0012249946594238281
1311868164.563004,1.657745245525291,-4.77680714076854,0.4860555052539116,1311868164.5632,-0.1702,-1.4579,1.4774,0.00019598007202148438
1311868164.599061,1.6128936751840999,-5.688166697343828,0.8952157370419269,1311868164.5998,-0.173,-1.462,1.4787,0.0007390975952148438
1311868164.63114,1.860491556475258,-6.584838695631925,1.2621961406960727,1311868164.6298,-0.1748,-1.4655,1.4799,0.0013399124145507812
1311868164.663105,1.4465157825302215,-6.4626079386498345,2.164240319566593,1311868164.6632,-0.1771,-1.4699,1.4815,9.489059448242188e-05
1311868164.698987,2.2381221139197796,-5.956687256890695,2.5068825234357783,1311868164.6999,-0.1786,-1.4758,1.4832,0.0009129047393798828
1311868164.731046,2.006351510296357,-5.025701525279234,2.224840053527599,1311868164.7298,-0.1805,-1.4812,1.4847,0.0012459754943847656
1311868164.763098,2.3609279577043445,-5.698600108100545,2.8740573054399325,1311868164.7632,-0.1815,-1.4874,1.4864,0.00010204315185546875
1311868164.799138,2.590200357176356,-6.659462826109602,3.029546867728192,1311868164.7998,-0.1818,-1.4942,1.4882,0.0006618499755859375
1311868164.831006,3.2890912724138666,-6.717937391132178,3.7423807991904185,1311868164.8298,-0.1821,-1.5004,1.4895,0.0012061595916748047
1311868164.863058,2.596906124596546,-6.118391244841517,3.3406045684236756,1311868164.8631,-0.1821,-1.5078,1.4906,4.1961669921875e-05
1311868164.899132,2.5757186658111193,-7.098694153802646,3.536964692360695,1311868164.8998,-0.1821,-1.5171,1.4922,0.0006680488586425781
1311868164.930933,1.7924226514950816,-7.629028602505363,3.212630410367882,1311868164.9298,-0.1821,-1.5247,1.4928,0.001132965087890625
1311868164.963119,2.0168355113418004,-6.7876300810899455,2.7210132864845034,1311868164.9632,-0.1818,-1.5335,1.4933,8.106231689453125e-05
1311868164.999037,2.2394662432432555,-7.31561642166494,3.5405655919411156,1311868165.0001,-0.1814,-1.5443,1.4938,0.0010628700256347656
1311868165.031122,2.726484323175833,-6.442771846807101,3.5714806038288973,1311868165.0299,-0.1812,-1.5529,1.4946,0.0012218952178955078
1311868165.063108,3.5647350087778706,-6.540511099407965,4.107934540890355,1311868165.0632,-0.1814,-1.5635,1.4954,9.202957153320312e-05
1311868165.099162,4.387120475130575,-6.052792749704492,3.8149960557192086,1311868165.0999,-0.1816,-1.5756,1.4961,0.0007379055023193359
1311868165.131014,4.542335021922812,-5.136405214581806,3.446021354776384,1311868165.1298,-0.1823,-1.5863,1.4966,0.0012140274047851562
1311868165.163146,4.979444591359712,-5.741200301801602,2.780320125408821,1311868165.1632,-0.1816,-1.5979,1.4967,5.3882598876953125e-05
1311868165.199145,5.840746752119668,-5.441788431558196,2.369819065936891,1311868165.1998,-0.1831,-1.6107,1.4961,0.0006549358367919922
1311868165.231193,5.583186008832928,-6.306617338418103,2.800787075627958,1311868165.2298,-0.1837,-1.6215,1.4951,0.0013930797576904297
1311868165.263005,5.675937556108321,-7.23312565732799,3.1654505992614514,1311868165.2632,-0.1842,-1.6332,1.4935,0.00019502639770507812
1311868165.299103,6.229651579002966,-7.82766681010723,3.7484785561398177,1311868165.2998,-0.1848,-1.6458,1.4912,0.0006968975067138672
1311868165.331226,5.5010030972307895,-7.243002036558526,3.3917735062984313,1311868165.3299,-0.1848,-1.6559,1.4889,0.0013260841369628906
1311868165.36306,5.863172952081655,-6.355451780135732,3.1070147688361107,1311868165.3632,-0.1843,-1.6672,1.4867,0.0001399517059326172
1311868165.39916,6.846382732239096,-6.280474974069161,2.9406506899163833,1311868165.3999,-0.185,-1.6787,1.4841,0.00074005126953125
1311868165.430962,6.363736765148015,-7.150517147443146,3.041047338273695,1311868165.4305,-0.1851,-1.6879,1.4819,0.0004620552062988281
1311868165.463114,6.574217643153563,-8.050493342340694,3.4228072741126274,1311868165.4639,-0.1855,-1.6975,1.4791,0.0007860660552978516
1311868165.499179,6.726379273654555,-7.201192474048274,2.9173027011154895,1311868165.4999,-0.185,-1.7069,1.4772,0.0007212162017822266
1311868165.531124,7.3153331587464825,-7.597635451240395,2.2130539616276774,1311868165.5299,-0.1855,-1.7143,1.4758,0.0012240409851074219
1311868165.563054,7.576376869389482,-8.460401626316084,2.6460559342317254,1311868165.5632,-0.1868,-1.7222,1.4748,0.00014591217041015625
1311868165.599188,7.255548696386027,-9.378362819729787,2.879329444930548,1311868165.5999,-0.1888,-1.7297,1.4743,0.0007119178771972656
1311868165.631159,7.521502419157213,-10.275937773977697,3.230936923308087,1311868165.6299,-0.1905,-1.7355,1.4742,0.0012590885162353516
1311868165.663251,8.294580008775462,-10.646294065190277,3.7459002792755776,1311868165.6632,-0.1931,-1.7415,1.4744,5.1021575927734375e-05
1311868165.699187,8.60148153067922,-11.54780290626166,4.0510121691181284,1311868165.6999,-0.1965,-1.7473,1.4748,0.0007128715515136719
1311868165.731234,8.650579818236997,-12.340789567361417,4.65826953916542,1311868165.7303,-0.1993,-1.7516,1.4752,0.0009341239929199219
1311868165.7631,7.8484462549729725,-12.919750978549882,4.804507123390599,1311868165.7632,-0.203,-1.7559,1.4758,0.00010013580322265625
1311868165.799107,8.723870455779927,-13.3734795206659,4.971129086861139,1311868165.7999,-0.2074,-1.7601,1.4765,0.0007929801940917969
1311868165.831186,8.60293525543414,-14.301381642654142,5.323793699952729,1311868165.8299,-0.2116,-1.7629,1.4773,0.0012860298156738281
1311868165.86322,9.339310545016712,-13.652150150232819,5.514187770607665,1311868165.8632,-0.217,-1.7656,1.478,2.002716064453125e-05
1311868165.899162,9.802403028425852,-14.400570208305513,5.988964316452575,1311868165.8999,-0.2231,-1.768,1.4786,0.0007379055023193359
1311868165.931154,10.341587114170633,-14.915400757650456,6.6554701507411815,1311868165.9299,-0.2284,-1.7697,1.4791,0.0012540817260742188
1311868165.963154,11.178857163335067,-14.869262263502836,7.200309672187608,1311868165.9633,-0.2345,-1.771,1.4793,0.00014591217041015625
1311868165.999133,10.870866460376988,-15.036337967514315,8.136913876758808,1311868165.9999,-0.2418,-1.7723,1.4792,0.0007669925689697266
1311868166.031204,11.00244030126319,-15.941757278649476,8.54052779552027,1311868166.0299,-0.2472,-1.7728,1.4786,0.0013039112091064453
1311868166.063111,10.662469082871686,-15.001935118756908,8.506559009255989,1311868166.0632,-0.2548,-1.7741,1.4777,8.893013000488281e-05
1311868166.099206,10.857947768492249,-15.937117579822647,8.801892461447045,1311868166.1,-0.262,-1.7743,1.4762,0.0007939338684082031
1311868166.131254,11.283534761829632,-16.758297301163534,9.182076070194917,1311868166.1299,-0.2694,-1.7743,1.4749,0.0013539791107177734
1311868166.163189,11.858400589319418,-17.523393509428423,8.891977686050547,1311868166.1633,-0.2773,-1.7747,1.4729,0.00011110305786132812
1311868166.199211,12.653953388465405,-18.023930812842014,9.233383824926863,1311868166.1999,-0.286,-1.7754,1.4699,0.0006890296936035156
1311868166.23105,13.258085839127206,-18.699041627759378,8.810005306767312,1311868166.2299,-0.2925,-1.7765,1.4671,0.0011501312255859375
1311868166.263177,13.792438034739021,-18.30010056123841,8.064811535666173,1311868166.2632,-0.2994,-1.7782,1.4635,2.3126602172851562e-05
1311868166.299209,13.081076374753664,-17.65196469346676,7.792994528084289,1311868166.2999,-0.307,-1.7805,1.4592,0.0006909370422363281
1311868166.331189,13.65421547004653,-18.269597184855883,8.331549709126438,1311868166.3299,-0.313,-1.7826,1.4558,0.0012888908386230469
1311868166.363122,13.753704318306825,-18.07451560971847,7.355821699836072,1311868166.3632,-0.3194,-1.7853,1.4526,7.796287536621094e-05
1311868166.399232,14.18171907778791,-18.80377071092326,7.889666586514912,1311868166.3999,-0.326,-1.7886,1.4499,0.0006680488586425781
1311868166.431171,14.084667502211968,-19.69768498304933,8.327271734756504,1311868166.4299,-0.331,-1.7917,1.4483,0.0012710094451904297
1311868166.463018,14.447999644752844,-20.52565867313744,8.754412604632643,1311868166.4633,-0.3359,-1.7958,1.447,0.00028204917907714844
1311868166.499195,13.851405902584352,-19.863054837412285,8.301607940690547,1311868166.4999,-0.3404,-1.8005,1.4463,0.0007050037384033203
1311868166.531252,13.77898141056916,-18.876766281560613,8.449896772206504,1311868166.5299,-0.3438,-1.8041,1.446,0.0013518333435058594
1311868166.563132,14.578800727629332,-18.471225026841992,8.892418354480906,1311868166.5632,-0.3475,-1.8087,1.4462,6.794929504394531e-05
1311868166.599207,14.759889006641355,-19.43576670967959,9.084424545196944,1311868166.5999,-0.3508,-1.8139,1.4467,0.0006930828094482422
1311868166.631287,14.84255445527321,-20.39317504854836,9.361075401452698,1311868166.6299,-0.3529,-1.8184,1.4471,0.0013871192932128906
1311868166.663284,13.899652867765774,-20.664317392638285,9.554513829685993,1311868166.6632,-0.3555,-1.824,1.448,8.416175842285156e-05
1311868166.69927,14.30130999056159,-21.520586912941642,9.879281537912739,1311868166.6999,-0.3577,-1.8305,1.4491,0.0006299018859863281
1311868166.731105,14.834694687242969,-22.291187561001443,10.22810155820391,1311868166.7299,-0.3588,-1.8354,1.4497,0.0012052059173583984
1311868166.763333,15.312885986805728,-23.076693974676044,10.620928180390534,1311868166.7633,-0.3602,-1.843,1.451,3.314018249511719e-05
1311868166.799225,15.788126330471519,-23.84484451888245,11.049986867737415,1311868166.7999,-0.3615,-1.8512,1.4523,0.0006749629974365234
1311868166.831229,15.455895539223972,-24.60121270922933,10.486488986660289,1311868166.8299,-0.362,-1.8587,1.4532,0.0013289451599121094
1311868166.863222,15.722107938053469,-25.52236044267571,10.77042174608768,1311868166.8632,-0.3616,-1.8673,1.4539,2.193450927734375e-05
1311868166.899308,16.045166849665506,-26.41324050064644,11.089742371694784,1311868166.9,-0.3609,-1.8781,1.4547,0.0006921291351318359
1311868166.93116,15.377293191880819,-25.891166077690663,10.559286837146697,1311868166.93,-0.3599,-1.8873,1.4551,0.0011599063873291016
1311868166.963312,15.448546499007477,-26.842166646453208,10.86015372538273,1311868166.9642,-0.3588,-1.8982,1.4554,0.0008881092071533203
1311868166.999289,15.745291962646212,-27.797086542529676,10.868527606630185,1311868167.0004,-0.3569,-1.9109,1.4557,0.0011110305786132812
1311868167.031127,15.889368125487806,-28.732811260183823,11.19049237500076,1311868167.0299,-0.3553,-1.9214,1.4558,0.0012269020080566406
1311868167.063209,16.185885899042553,-29.684736074404995,11.26741024052062,1311868167.0633,-0.3528,-1.9333,1.4561,9.083747863769531e-05
1311868167.099303,15.600302848961922,-30.30858158367597,10.749810711907331,1311868167.0999,-0.3501,-1.9466,1.4565,0.0005970001220703125
1311868167.131299,15.791407564875144,-31.2883314928202,10.809552682812265,1311868167.1299,-0.3481,-1.9573,1.4569,0.0013990402221679688
1311868167.16323,15.21648041854723,-30.789366739891886,10.161098403968774,1311868167.1632,-0.3459,-1.9693,1.4575,3.0040740966796875e-05
1311868167.199258,14.688704357702477,-30.18342023777602,9.565883093200693,1311868167.2,-0.3434,-1.9823,1.4585,0.0007419586181640625
1311868167.231267,15.095516371228001,-30.921867891431187,10.103655394888397,1311868167.23,-0.3412,-1.9925,1.4591,0.0012669563293457031
1311868167.263251,14.991853481107347,-31.880894627602135,9.839985668675597,1311868167.2633,-0.3393,-2.0034,1.4596,4.887580871582031e-05
1311868167.299141,15.369587024699277,-32.74659852012584,9.511543679102436,1311868167.3,-0.3368,-2.0149,1.4599,0.0008590221405029297
1311868167.331145,15.287866296236993,-33.73598846408517,9.631665539443386,1311868167.3299,-0.3347,-2.0238,1.4599,0.0012450218200683594
1311868167.363275,15.509981974484848,-34.687287747484085,9.845427787937371,1311868167.3633,-0.3323,-2.0331,1.4599,2.5033950805664062e-05
1311868167.399226,15.005760595198232,-33.984092871060355,9.344151650023624,1311868167.3999,-0.3299,-2.0431,1.4601,0.0006740093231201172
1311868167.431237,15.645309125897896,-34.75276606952813,9.35506910564401,1311868167.43,-0.3283,-2.0506,1.4603,0.0012369155883789062
1311868167.463303,16.237679838849726,-35.30305474343269,9.943524128402164,1311868167.4633,-0.3268,-2.0585,1.4607,3.0994415283203125e-06
1311868167.499121,15.557219468004877,-35.90072309755576,9.51953565899586,1311868167.5,-0.3251,-2.0664,1.4611,0.0008790493011474609
1311868167.531321,16.18549546827319,-36.6487098319102,9.733510219905874,1311868167.53,-0.3236,-2.0726,1.4615,0.0013210773468017578
1311868167.56316,16.23471174023696,-35.65302107840371,9.812133783261094,1311868167.5633,-0.3222,-2.0792,1.4619,0.0001399517059326172
1311868167.59923,16.227093658180575,-36.65117960327402,9.872312883075903,1311868167.5999,-0.3199,-2.0857,1.4622,0.0006699562072753906
1311868167.631495,15.783466188982999,-35.825103392598365,9.524760350745739,1311868167.63,-0.3182,-2.0904,1.4623,0.0014948844909667969
1311868167.66336,16.14309187777933,-36.55405196668259,10.107257853142395,1311868167.6633,-0.3161,-2.0953,1.4624,6.008148193359375e-05
1311868167.699226,16.389614341823563,-36.889166351722736,9.197903673704749,1311868167.7001,-0.3134,-2.0999,1.4622,0.0008740425109863281
1311868167.731241,16.118419262094548,-36.11418853666693,8.627059899190119,1311868167.73,-0.3114,-2.1034,1.4618,0.0012409687042236328
1311868167.763281,15.513260957416133,-36.00623072055209,9.415811150357715,1311868167.7633,-0.3085,-2.1069,1.4614,1.8835067749023438e-05
1311868167.799224,15.212482251806495,-35.36063122492744,8.713861393251841,1311868167.8,-0.3058,-2.1106,1.461,0.0007760524749755859
1311868167.831218,15.372845787037862,-36.27556227828604,9.084245928793248,1311868167.83,-0.303,-2.1135,1.4609,0.0012180805206298828
1311868167.863098,16.139821333090545,-35.95861543326591,9.642182492561002,1311868167.8633,-0.3,-2.1165,1.4612,0.000202178955078125
1311868167.899376,15.667739482213962,-35.188516744012595,9.213129191812396,1311868167.9,-0.2965,-2.12,1.4623,0.0006241798400878906
1311868167.931184,15.25856757242348,-34.31084741536188,9.462678581281118,1311868167.93,-0.2934,-2.1225,1.4634,0.0011839866638183594
1311868167.963366,15.695259471088496,-35.00133633035184,10.039328599850732,1311868167.9635,-0.2898,-2.1256,1.4644,0.00013399124145507812
1311868167.999325,15.305851604828629,-34.17865874201374,9.625126838216204,1311868168.0,-0.2849,-2.1274,1.4653,0.0006749629974365234
1311868168.031266,15.46252649048183,-35.139288711199455,9.395686121455194,1311868168.03,-0.281,-2.1293,1.4659,0.0012660026550292969
1311868168.063183,14.702071742060205,-34.87079993750972,8.80439739840563,1311868168.0633,-0.2774,-2.1317,1.4664,0.00011682510375976562
1311868168.099296,14.254012495193699,-34.24745551570129,8.163550581219386,1311868168.1,-0.2721,-2.1327,1.4669,0.0007038116455078125
1311868168.131162,13.951313659953149,-33.30186876242554,8.044222851108362,1311868168.1301,-0.267,-2.1326,1.4669,0.0010619163513183594
1311868168.163282,13.426800616364654,-32.6173251208187,7.537975806829402,1311868168.1633,-0.2618,-2.1329,1.4669,1.811981201171875e-05
1311868168.199247,13.783292441145203,-33.35401508701691,8.112607404087607,1311868168.2,-0.2559,-2.1327,1.4666,0.0007531642913818359
1311868168.231293,12.832974245593128,-33.090277016490646,7.947266672996548,1311868168.23,-0.2502,-2.132,1.4664,0.0012929439544677734
1311868168.263256,12.391312440417128,-32.25203615502146,8.267090230621791,1311868168.2633,-0.2437,-2.1311,1.4663,4.38690185546875e-05
1311868168.299606,11.744463166072876,-31.612187138659458,7.852145351703034,1311868168.3,-0.2367,-2.1293,1.4665,0.00039386749267578125
1311868168.331222,11.689550399033001,-30.63523252050058,7.645882747060137,1311868168.33,-0.2304,-2.1278,1.4674,0.0012221336364746094
1311868168.36318,11.278146782688665,-29.809476472291315,7.2600407932699484,1311868168.3633,-0.2237,-2.1257,1.4689,0.0001201629638671875
1311868168.39936,10.629036473646666,-29.240202322452113,6.755478855525674,1311868168.4,-0.2158,-2.1231,1.4715,0.0006401538848876953
1311868168.431214,10.328625899261434,-28.36378752591707,6.379113884769918,1311868168.43,-0.2094,-2.1207,1.4743,0.0012140274047851562
1311868168.463333,9.962342627943439,-27.649900499323795,5.782287378644051,1311868168.4633,-0.2016,-2.118,1.4775,3.2901763916015625e-05
1311868168.499268,9.501643419451995,-26.83626983887013,6.136915899303475,1311868168.5,-0.1935,-2.1154,1.4807,0.0007319450378417969
1311868168.531406,9.102988372748621,-26.04556311528312,5.672311733359786,1311868168.53,-0.1864,-2.1132,1.4828,0.001405954360961914
1311868168.563319,8.612173433948913,-25.354586253213462,5.141603082652628,1311868168.5633,-0.1787,-2.1108,1.4842,1.9073486328125e-05
1311868168.599366,8.114429378473014,-24.656888222455258,4.62636691048055,1311868168.6001,-0.1708,-2.1086,1.4849,0.0007340908050537109
1311868168.631188,7.517907099679868,-24.034795968552668,4.119255089934201,1311868168.63,-0.1641,-2.1071,1.4852,0.0011878013610839844
1311868168.66332,7.162147072178538,-23.23358556202363,3.6381140635169613,1311868168.6633,-0.1575,-2.1057,1.4854,2.002716064453125e-05
1311868168.699557,7.1779507134690865,-23.635931800285796,2.7227629016789288,1311868168.7,-0.1496,-2.1046,1.4854,0.0004429817199707031
1311868168.731207,6.68676278215094,-22.88004270657409,2.289904848577103,1311868168.73,-0.1451,-2.1043,1.4852,0.0012068748474121094
1311868168.763305,5.892894044294916,-23.13069636331861,1.7358785212103656,1311868168.7633,-0.1394,-2.1035,1.4847,5.0067901611328125e-06
1311868168.799362,5.436953983886705,-24.017355403883712,1.8130433260058365,1311868168.8002,-0.1327,-2.1025,1.4849,0.0008380413055419922
1311868168.831176,5.153426546485891,-24.973773636836377,1.7432124165413925,1311868168.83,-0.1282,-2.1026,1.4849,0.0011761188507080078
1311868168.863325,4.969198110684579,-25.922994652558277,1.488184287202511,1311868168.8633,-0.1226,-2.1025,1.4856,2.5033950805664062e-05
1311868168.8993,4.738754898461083,-24.961654189191638,1.3374512800868086,1311868168.9,-0.1163,-2.1025,1.4865,0.0006999969482421875
1311868168.931215,4.888232946618619,-25.90728386591523,1.626312540242371,1311868168.93,-0.1111,-2.1022,1.4875,0.0012149810791015625
1311868168.963348,4.581517374925426,-26.8544149721127,1.532141282663056,1311868168.9633,-0.1048,-2.1028,1.4893,4.792213439941406e-05
1311868168.999373,4.439451413839751,-27.843745291869933,1.4998491611802423,1311868169.0003,-0.0973,-2.1034,1.4916,0.000926971435546875
1311868169.031214,4.111455414384301,-28.787097301871782,1.5499052254151968,1311868169.03,-0.091,-2.1038,1.4937,0.0012140274047851562
1311868169.063354,3.856565937648013,-29.72543695474105,1.316345703018257,1311868169.0633,-0.0844,-2.1048,1.496,5.412101745605469e-05
1311868169.099339,3.751773633480497,-30.71814583626002,1.3759078515743681,1311868169.1001,-0.0756,-2.1059,1.4988,0.0007610321044921875
1311868169.131247,3.4633824457890343,-31.660738820950858,1.544279428966536,1311868169.1301,-0.0689,-2.1071,1.5008,0.0011470317840576172
1311868169.163498,2.805789992849549,-32.3412892426524,1.867425354763026,1311868169.1634,-0.0607,-2.1082,1.5029,9.799003601074219e-05
1311868169.199452,2.264727052412791,-33.181073351968365,1.8225528216685916,1311868169.2,-0.0514,-2.1097,1.5054,0.0005481243133544922
1311868169.231354,1.9645443208583142,-34.134769083833675,1.8413883916994531,1311868169.23,-0.0434,-2.1111,1.5075,0.0013539791107177734
1311868169.263274,1.9327140827487528,-35.12680570904677,1.9632496660145844,1311868169.2633,-0.0343,-2.1129,1.5102,2.5987625122070312e-05
1311868169.299529,2.1683125071598917,-36.0484297292418,1.6548626562127071,1311868169.3,-0.0241,-2.1152,1.5134,0.00047087669372558594
1311868169.331297,1.890069712828151,-35.08993548328369,1.5926555194223806,1311868169.33,-0.0152,-2.1172,1.5161,0.0012969970703125
1311868169.36347,1.3849290262093046,-35.793816443904824,1.093271418757069,1311868169.3634,-0.0055,-2.1196,1.5193,7.009506225585938e-05
1311868169.399437,0.5028078803571293,-36.14890295692848,0.783794679228665,1311868169.4,0.0051,-2.1219,1.5235,0.0005631446838378906
1311868169.43144,0.13144740940510835,-36.98553428803844,0.3811292890850968,1311868169.43,0.0138,-2.1239,1.5269,0.0014400482177734375
1311868169.463229,0.34680644404882083,-37.61219711910757,-0.36781275296738525,1311868169.4634,0.0238,-2.1259,1.5309,0.0001709461212158203
1311868169.499263,0.47547008160712034,-38.60131833471733,-0.29650434391939157,1311868169.5002,0.034,-2.128,1.5352,0.0009369850158691406
1311868169.531434,-0.07432340955754257,-38.32164050370412,0.4905835977445024,1311868169.5308,0.0426,-2.1301,1.5387,0.0006339550018310547
1311868169.563501,-0.30849982388985786,-39.29381829886901,0.4962175624930867,1311868169.5633,0.0513,-2.1326,1.5426,0.0002009868621826172
1311868169.599378,0.033192601623121765,-39.87680483581789,-0.2409208126329122,1311868169.6001,0.0603,-2.1359,1.5465,0.0007219314575195312
1311868169.631327,-0.22948357816416476,-38.93125877294731,-0.4331286885441138,1311868169.6303,0.067,-2.1387,1.5494,0.0010268688201904297
1311868169.66324,-1.1579440079183465,-38.80869631228572,-0.08250114596190422,1311868169.6633,0.0741,-2.142,1.5524,6.008148193359375e-05
1311868169.699466,-0.8038949580143626,-39.09907612801679,0.8065032594704162,1311868169.7001,0.0817,-2.1461,1.5551,0.0006339550018310547
1311868169.731279,-1.409202860112172,-39.60481606869565,0.1918249240297698,1311868169.7301,0.088,-2.1493,1.5571,0.0011789798736572266
1311868169.763417,-0.49205483017666884,-39.665992093227764,-0.20199862174657623,1311868169.7634,0.0939,-2.1532,1.5589,1.6927719116210938e-05
1311868169.799368,-1.4530874889959318,-39.405163562954094,-0.29356666463297165,1311868169.8001,0.1009,-2.157,1.561,0.0007321834564208984
1311868169.831415,-1.2937168888664057,-40.3910978563272,-0.3439112866420411,1311868169.8301,0.1066,-2.1592,1.5627,0.0013148784637451172
1311868169.863396,-2.196237199761021,-39.96821803562884,-0.26248803646864105,1311868169.8634,0.1121,-2.1627,1.5642,4.0531158447265625e-06
1311868169.89939,-1.9589083866542032,-40.328059061886265,-1.164812518177579,1311868169.9001,0.1174,-2.1666,1.5656,0.0007100105285644531
1311868169.931272,-2.6232035275860994,-41.06934416731038,-1.068852327418024,1311868169.9301,0.1212,-2.1702,1.5673,0.0011720657348632812
1311868169.963415,-2.414598711225116,-42.01092461367606,-1.3332578750391382,1311868169.9634,0.126,-2.1745,1.5694,1.5020370483398438e-05
1311868169.999399,-2.7964061237596503,-41.08773393900116,-1.2891888618099772,1311868170.0001,0.1304,-2.1797,1.5723,0.0007009506225585938
1311868170.031274,-3.614640073454955,-40.51539781445506,-1.3432681009463887,1311868170.0301,0.1332,-2.1846,1.5746,0.0011739730834960938
1311868170.063469,-3.8194005281119097,-41.48797177710643,-1.2329365851347749,1311868170.0634,0.1358,-2.1899,1.577,6.890296936035156e-05
1311868170.099394,-3.900629931164692,-40.505178170119144,-1.398823625450185,1311868170.1001,0.1375,-2.1961,1.5803,0.0007059574127197266
1311868170.131345,-4.041450375993833,-39.53518120600384,-1.5970040783844155,1311868170.1301,0.1386,-2.2017,1.5827,0.0012450218200683594
1311868170.163416,-4.731486037314239,-39.56818226926353,-2.320026703154782,1311868170.1634,0.1395,-2.208,1.5855,1.5974044799804688e-05
1311868170.199317,-5.608676325754043,-39.330081586257265,-2.7369742569536206,1311868170.2001,0.1396,-2.215,1.5877,0.0007829666137695312
1311868170.231467,-5.042885653847192,-38.52646450852873,-2.9215833248951424,1311868170.2301,0.1399,-2.2208,1.5895,0.0013670921325683594
1311868170.263521,-5.092051205015662,-37.946446650946655,-3.73470203299636,1311868170.2634,0.1385,-2.2271,1.5906,0.00012087821960449219
1311868170.299432,-4.910591077140867,-38.85163927271228,-4.119017709872451,1311868170.3001,0.1361,-2.2343,1.5912,0.0006680488586425781
1311868170.331325,-4.89409854262477,-39.52623917660225,-3.381018410430454,1311868170.3301,0.1338,-2.2399,1.5911,0.0012249946594238281
1311868170.3634,-4.846870909715524,-39.92483029009496,-2.4651064741972664,1311868170.3634,0.1292,-2.247,1.5907,0.0
1311868170.399421,-4.843387436511638,-38.939680206523974,-2.6367665401838476,1311868170.4001,0.1243,-2.2551,1.5895,0.00067901611328125
1311868170.431288,-4.385419203350117,-38.163347464167195,-3.0698630312337163,1311868170.4301,0.1205,-2.2607,1.5885,0.001188039779663086
1311868170.463383,-5.022100087488025,-37.510973702357425,-2.658711080398582,1311868170.4634,0.1164,-2.2673,1.5872,1.6927719116210938e-05
1311868170.499476,-5.346157428572391,-36.56500470021233,-2.647331859426349,1311868170.5001,0.1114,-2.2743,1.5858,0.0006239414215087891
1311868170.531505,-5.57482760470895,-35.67888713103296,-3.0504516978582057,1311868170.5301,0.1078,-2.2807,1.585,0.0014050006866455078
1311868170.563345,-5.210189227056559,-36.086577416914075,-3.887606094813271,1311868170.5634,0.1038,-2.288,1.5843,5.507469177246094e-05
1311868170.599324,-5.621745994035629,-35.4947153808889,-3.1945546119738935,1311868170.6001,0.1008,-2.2952,1.5838,0.0007760524749755859
1311868170.631485,-6.34621360294288,-34.834306939493615,-2.9970517659739935,1311868170.6301,0.099,-2.3014,1.5833,0.0013849735260009766
1311868170.66343,-6.347050361016515,-35.742462617551936,-3.415683542415234,1311868170.6634,0.0964,-2.3086,1.5831,3.0040740966796875e-05
1311868170.699432,-6.928407892313213,-34.93621930223956,-3.5252058566654094,1311868170.7001,0.0941,-2.3164,1.5827,0.0006680488586425781
1311868170.731397,-7.332833156127363,-34.37986794305583,-4.251093844665809,1311868170.7301,0.0922,-2.3227,1.5828,0.0012969970703125
1311868170.763453,-8.051679813117467,-33.87419594765653,-3.774066259716008,1311868170.7634,0.091,-2.3292,1.5831,5.2928924560546875e-05
1311868170.799446,-8.27828600472433,-34.7850776235342,-3.429183371657293,1311868170.8001,0.09,-2.3366,1.5834,0.0006539821624755859
1311868170.831309,-8.392471494693325,-33.807493492348364,-3.606075825804377,1311868170.8301,0.089,-2.3424,1.5841,0.0012090206146240234
1311868170.863446,-8.712219629338001,-33.16131465625293,-2.9131010483603594,1311868170.8635,0.0875,-2.3489,1.5847,5.412101745605469e-05
1311868170.899435,-9.545463665096564,-32.62299929580555,-3.039279293629461,1311868170.9001,0.0883,-2.3556,1.5852,0.0006649494171142578
1311868170.931374,-8.860331218495862,-33.34645092876916,-2.9543601239607895,1311868170.9301,0.0883,-2.3618,1.5855,0.00127410888671875
1311868170.96344,-9.242499658454902,-32.422569156458934,-2.9741023196894916,1311868170.9635,0.0883,-2.3681,1.5859,6.008148193359375e-05
1311868170.999483,-8.999697424225253,-31.456575463556053,-3.0630026027314394,1311868171.0001,0.088,-2.3748,1.5862,0.0006167888641357422
1311868171.031493,-8.071483324501322,-31.257907020311237,-3.377564893434499,1311868171.0301,0.0871,-2.38,1.5858,0.0013928413391113281
1311868171.063438,-9.00887221178375,-30.920079379413067,-3.4622676622474673,1311868171.0634,0.0878,-2.3855,1.5852,3.790855407714844e-05
1311868171.099448,-9.607301547688781,-30.2649302902993,-3.9234205663494217,1311868171.1001,0.0886,-2.3918,1.5843,0.0006520748138427734
1311868171.131477,-9.68675696989181,-29.28067676429912,-4.081318737455835,1311868171.1301,0.0907,-2.3969,1.5837,0.001377105712890625
1311868171.163447,-10.29627734685638,-28.899969618406026,-3.38594331429875,1311868171.1634,0.0917,-2.4031,1.5829,4.696846008300781e-05
1311868171.199444,-10.552775446556334,-27.970578475206683,-3.651350224142729,1311868171.2002,0.0933,-2.4098,1.5822,0.0007560253143310547
1311868171.231391,-10.43954164808412,-28.792108901498516,-3.0925426852169293,1311868171.2301,0.0945,-2.4155,1.5811,0.001291036605834961
1311868171.263404,-10.776126793263488,-28.035868926479036,-3.653623374803659,1311868171.2634,0.0962,-2.4216,1.5798,3.814697265625e-06
1311868171.299368,-11.111849419524198,-27.154435288219986,-3.9858357459791325,1311868171.3001,0.098,-2.4286,1.5781,0.0007321834564208984
1311868171.331406,-11.819455635476585,-27.468105796137277,-4.619005751276633,1311868171.3301,0.0999,-2.4347,1.577,0.0013060569763183594
1311868171.363479,-12.778960670730415,-27.24551749042803,-4.791645646677498,1311868171.3634,0.1031,-2.4406,1.5756,7.891654968261719e-05
1311868171.399409,-13.681479047044993,-27.051758794146185,-5.176246931165272,1311868171.4002,0.1057,-2.4493,1.5746,0.0007908344268798828
1311868171.431618,-13.826004009116147,-26.074601282535756,-5.332053647457107,1311868171.4301,0.1079,-2.4552,1.573,0.0015180110931396484
1311868171.463459,-14.792794125499512,-25.891244042769152,-5.510090142279369,1311868171.4634,0.1108,-2.4623,1.5717,5.91278076171875e-05
1311868171.499514,-14.854616263457622,-24.903260120652632,-5.651743920547172,1311868171.5001,0.1148,-2.4706,1.5702,0.0005857944488525391
1311868171.531471,-15.806639704935034,-24.697663642225333,-5.878418698446668,1311868171.5301,0.1174,-2.4779,1.5693,0.0013709068298339844
1311868171.563381,-16.04599617111377,-23.863678882040475,-5.381248806078046,1311868171.5635,0.1218,-2.4857,1.568,0.00011897087097167969
1311868171.59949,-16.27721479895074,-22.89136290283422,-5.415006512181622,1311868171.6001,0.1271,-2.4949,1.5661,0.0006101131439208984
1311868171.631528,-16.60747062331196,-22.010126957709748,-5.076843386610445,1311868171.6301,0.1306,-2.5015,1.5647,0.0014278888702392578
1311868171.663411,-17.1246011359987,-21.174318948544737,-5.261237000013872,1311868171.6635,0.1345,-2.5098,1.5623,8.916854858398438e-05
1311868171.699419,-18.033626587508827,-21.572082416453117,-5.385562991279933,1311868171.7001,0.1396,-2.5182,1.5592,0.0006809234619140625
1311868171.731499,-18.81162788113694,-20.991565976337412,-5.62580172643388,1311868171.7302,0.1431,-2.5254,1.5567,0.0012989044189453125
1311868171.763455,-18.238746433382605,-20.21878851143977,-5.898971703856828,1311868171.7635,0.1489,-2.5341,1.5543,4.506111145019531e-05
1311868171.799464,-18.269859130200693,-21.165553068831827,-6.219391542448202,1311868171.8002,0.1529,-2.5424,1.5505,0.0007359981536865234
1311868171.831419,-18.10306963358447,-21.08137072062375,-5.236999260277444,1311868171.8301,0.1582,-2.5483,1.5473,0.0013189315795898438
1311868171.863363,-17.895331208168614,-20.254945169216757,-4.713677605281795,1311868171.8635,0.1628,-2.5564,1.5442,0.00013709068298339844
1311868171.899575,-17.913404921174635,-19.969907870293817,-3.7553315930707147,1311868171.9001,0.1685,-2.5638,1.5402,0.0005249977111816406
1311868171.931516,-18.564001822180394,-19.21681160450012,-3.853156369325458,1311868171.9302,0.1731,-2.5707,1.5377,0.0013158321380615234
1311868171.963415,-18.109057161073657,-18.33837405004767,-3.999350822907182,1311868171.9635,0.1777,-2.5768,1.5343,8.511543273925781e-05
1311868171.99958,-17.49456100817487,-17.562054300026574,-3.858915343772605,1311868172.0002,0.1832,-2.5845,1.5316,0.0006201267242431641
1311868172.031533,-17.548960385392647,-18.504122508038122,-4.189896006670342,1311868172.0302,0.1877,-2.5902,1.5287,0.001332998275756836
1311868172.063426,-18.539579114919693,-18.36860355444899,-4.172313460543189,1311868172.0635,0.1924,-2.5966,1.5263,7.390975952148438e-05
1311868172.099529,-18.938637858142446,-17.68681378652852,-3.5591945228023705,1311868172.1001,0.1979,-2.6028,1.5231,0.0005710124969482422
1311868172.131546,-18.869050551310853,-18.681899129863154,-3.488747619332304,1311868172.1301,0.2019,-2.6082,1.5206,0.0014460086822509766
1311868172.163558,-18.86264231411083,-19.637380824260102,-3.193766829842003,1311868172.1635,0.2066,-2.6146,1.5183,5.793571472167969e-05
1311868172.199781,-17.94196564876618,-20.02272619648134,-3.131610398175434,1311868172.2002,0.2114,-2.62,1.5151,0.0004191398620605469
1311868172.23159,-17.71366062267366,-19.080016505162146,-3.374870039204839,1311868172.2302,0.2154,-2.6262,1.5132,0.0013899803161621094
1311868172.263475,-18.21163800897861,-19.909786639213642,-3.626862196553118,1311868172.2635,0.218,-2.6311,1.5098,2.5033950805664062e-05
1311868172.299544,-17.85182058459996,-20.726787461041187,-3.17626139956467,1311868172.3002,0.2228,-2.6365,1.5067,0.0006558895111083984
1311868172.331546,-18.754691373736502,-20.49627263449137,-2.8133740163937326,1311868172.3301,0.2264,-2.6407,1.5038,0.0014460086822509766
1311868172.363479,-18.97056070472128,-21.471603544004246,-2.767221563707416,1311868172.3635,0.2306,-2.6448,1.5005,2.1219253540039062e-05
1311868172.399483,-19.723598643338917,-20.97017530542141,-2.3411891887002945,1311868172.4002,0.2357,-2.649,1.4965,0.0007169246673583984
1311868172.431393,-20.36189663086355,-20.219779749111222,-2.16948540833445,1311868172.4302,0.2397,-2.6527,1.4936,0.0011928081512451172
1311868172.463477,-20.35141947623922,-21.181008722620973,-1.8939330726224048,1311868172.4635,0.2442,-2.6564,1.4894,2.3126602172851562e-05
1311868172.499467,-20.209471327131336,-20.203005701763217,-2.046775521431447,1311868172.5002,0.2492,-2.6602,1.4851,0.0007331371307373047
1311868172.531606,-20.40334773010435,-21.016682414059925,-2.5948103271110288,1311868172.5302,0.2536,-2.6637,1.4817,0.001405954360961914
1311868172.563601,-20.57186265796134,-20.038365334461652,-2.715219674155406,1311868172.5635,0.2581,-2.6672,1.4776,0.0001010894775390625
1311868172.59959,-20.760537194142145,-19.068448428556838,-2.869047873901058,1311868172.6002,0.2645,-2.6704,1.473,0.0006098747253417969
1311868172.631587,-21.210879035709766,-18.176269113761144,-2.834287321774107,1311868172.6302,0.2694,-2.6732,1.4692,0.0013871192932128906
1311868172.663612,-22.017276236814098,-17.603193778996232,-2.9802606574734023,1311868172.6635,0.2757,-2.6756,1.4643,0.00011181831359863281
1311868172.699619,-21.747086070457105,-16.67182280163168,-2.736241444035254,1311868172.7002,0.2833,-2.6787,1.459,0.0005810260772705078
1311868172.731555,-22.73870857793436,-16.605368195436764,-2.8470051022448986,1311868172.7302,0.2895,-2.6806,1.4546,0.0013549327850341797
1311868172.763469,-22.728970962013612,-17.604297505357838,-2.8017788640995436,1311868172.7635,0.2974,-2.6827,1.4501,3.0994415283203125e-05
1311868172.799623,-22.55055247288569,-16.75381221644504,-2.3069641350541974,1311868172.7936,0.3052,-2.684,1.4454,0.006022930145263672
1311868172.831632,-22.629902430948338,-17.749483128155564,-2.3553688840875937,1311868172.8302,0.3131,-2.6852,1.4407,0.0014319419860839844
1311868172.863483,-22.867224510745846,-18.720898967039776,-2.349937640633603,1311868172.8635,0.3222,-2.687,1.4373,1.71661376953125e-05
1311868172.899539,-23.137753421440657,-17.76047997422174,-2.4163414561314136,1311868172.8936,0.3277,-2.6864,1.4336,0.005939006805419922
1311868172.931607,-23.76760105892688,-18.025450256207776,-1.6862163276655817,1311868172.9302,0.3375,-2.6858,1.4298,0.0014069080352783203
1311868172.963571,-23.455254048578674,-18.972532082091703,-1.612220650718193,1311868172.9635,0.3466,-2.6858,1.4275,7.104873657226562e-05
1311868172.999602,-23.2482440716236,-19.945690064836977,-1.511670115860317,1311868172.9902,0.3531,-2.6848,1.4261,0.009402036666870117
1311868173.031458,-23.113715903489577,-20.936570513647407,-1.5040472460765446,1311868173.0309,0.3632,-2.6832,1.4244,0.0005578994750976562
1311868173.067546,-22.85487469919152,-21.90015667379553,-1.4369432750426017,1311868173.0668,0.3739,-2.6831,1.4239,0.0007457733154296875
1311868173.099605,-23.751776909312554,-21.457960445272352,-1.4423210961512438,1311868173.1002,0.3816,-2.6815,1.4235,0.0005948543548583984
1311868173.131499,-23.685934499202283,-22.45354068407645,-1.375352707088629,1311868173.1302,0.3899,-2.6814,1.424,0.001299142837524414
1311868173.167457,-23.628474961141873,-23.449919362383326,-1.3126794998839066,1311868173.1702,0.3982,-2.6794,1.4243,0.0027430057525634766
1311868173.199628,-24.391578671610315,-24.03922351235522,-1.0473620562523598,1311868173.2068,0.4068,-2.6791,1.4262,0.0071718692779541016
1311868173.231487,-24.497766868058868,-25.025459263858785,-0.920621733579611,1311868173.2235,0.4107,-2.6802,1.4275,0.007987022399902344
1311868173.267665,-24.75385472473818,-25.991803909001643,-0.8961874039364217,1311868173.2668,0.4203,-2.6785,1.4293,0.0008649826049804688
1311868173.299659,-24.872165396710102,-26.98476423764113,-0.8904978832443057,1311868173.3002,0.4274,-2.6783,1.4309,0.0005409717559814453
1311868173.331533,-25.549697740265128,-27.224207740488353,-0.1950723067941228,1311868173.3302,0.4337,-2.6785,1.432,0.001332998275756836
1311868173.36765,-24.699355404607395,-27.504525444218295,-0.6404259832847414,1311868173.3835,0.4441,-2.6789,1.4335,0.015850067138671875
1311868173.399596,-24.422484802434678,-28.453822446639478,-0.4915036181186359,1311868173.3936,0.4462,-2.6791,1.4341,0.005995988845825195
1311868173.431624,-24.065662248454867,-27.535802956310206,-0.6644714774072741,1311868173.4435,0.4565,-2.6801,1.4355,0.011876106262207031
1311868173.467604,-24.74099478308165,-27.03702079579433,-0.12120144876068528,1311868173.4669,0.4616,-2.6809,1.436,0.0007038116455078125
1311868173.499703,-24.012174232830077,-26.82997146090479,-0.7738508021295315,1311868173.4936,0.4672,-2.6816,1.4365,0.006103038787841797
1311868173.531628,-24.492711824457224,-25.982262496073496,-0.9985130686048694,1311868173.5335,0.4745,-2.682,1.4356,0.0018720626831054688
1311868173.567616,-24.969267799750575,-26.85873011256058,-1.067061734978745,1311868173.5735,0.4841,-2.6839,1.4355,0.005883932113647461
1311868173.599612,-24.979456524763002,-27.85251030639477,-0.9561693717363154,1311868173.5936,0.4881,-2.6839,1.4351,0.006011962890625
1311868173.667986,-25.212526936413852,-29.622511199986963,-1.3829393653591557,1311868173.6535,0.5007,-2.6852,1.4341,0.014485836029052734
1311868173.69967,-25.518590547873554,-30.574443840160352,-1.3951587889441999,1311868173.7002,0.5111,-2.6873,1.4346,0.0005300045013427734
1311868173.731607,-25.498033128947178,-31.573563017822398,-1.3585765342980536,1311868173.7336,0.5187,-2.6892,1.4356,0.001992940902709961
1311868173.767623,-26.117874935869338,-32.13794957037193,-0.8133573547998421,1311868173.7736,0.5274,-2.6909,1.4372,0.005977153778076172
1311868173.799549,-26.479002533385984,-33.07045756682689,-0.80939568098668,1311868173.8136,0.537,-2.6925,1.4395,0.014050960540771484
1311868173.83162,-26.52957111112591,-32.23131248804523,-0.26784387764568396,1311868173.8369,0.542,-2.6944,1.4415,0.005280017852783203
1311868173.867507,-27.0060002865358,-33.076277696308914,-0.0248438001927144,1311868173.8669,0.5489,-2.696,1.4437,0.0006070137023925781
1311868173.899575,-26.304965953133674,-32.47161036133425,-0.4029023636535307,1311868173.9003,0.5556,-2.6968,1.4454,0.0007250308990478516
1311868173.967631,-26.51928884528767,-33.20618210283933,-0.22483186267430932,1311868173.9835,0.5757,-2.7043,1.4518,0.0158689022064209
1311868173.999745,-25.823492163471848,-33.782893868325175,0.20326919680146616,1311868174.0072,0.581,-2.7063,1.4537,0.007455110549926758
1311868174.167874,-27.37376280599201,-34.32228156120457,1.0013959516161308,1311868174.1736,0.6274,-2.7241,1.4632,0.005725860595703125
1311868174.467566,-28.377043465904354,-36.63753506754883,0.8858160879776278,1311868174.4802,0.6958,-2.7541,1.4691,0.012634038925170898
1311868174.499672,-28.26098687119979,-37.6298289374114,0.9292181922900544,1311868174.5036,0.699,-2.7558,1.4691,0.003927946090698242
1311868174.531708,-28.370234867602495,-38.618029033579454,1.0365748186129806,1311868174.5302,0.7039,-2.7574,1.4692,0.0015079975128173828
1311868174.567585,-28.00075805995022,-39.52443201907732,0.8318298150411281,1311868174.5669,0.7096,-2.7592,1.469,0.0006849765777587891
1311868174.599662,-27.81260846394357,-40.495704905703874,0.977530567361241,1311868174.6002,0.7152,-2.7599,1.4692,0.000537872314453125
1311868174.631772,-28.090194895722462,-39.53818560644777,1.055649479567909,1311868174.6302,0.7205,-2.76,1.4696,0.0015721321105957031
1311868174.6678,-27.835460777027702,-40.49146146735036,1.2180553347370353,1311868174.6669,0.727,-2.7597,1.4707,0.0009000301361083984
1311868174.699578,-28.024257018992174,-39.542483831376686,1.47063685710537,1311868174.7002,0.733,-2.7588,1.4722,0.0006220340728759766
1311868174.731625,-27.975908812316348,-40.11297660346874,0.6507585442430647,1311868174.7303,0.7377,-2.7578,1.474,0.0013251304626464844
1311868174.76768,-27.959866084147905,-40.7390698646898,1.4303416758759162,1311868174.7669,0.7436,-2.7561,1.4767,0.0007798671722412109
1311868174.79981,-28.035930537978224,-39.74218058687583,1.4509806352253394,1311868174.8002,0.7491,-2.7546,1.4797,0.00039005279541015625
1311868174.831815,-27.696244092273357,-40.68122493323316,1.5039790708506193,1311868174.8302,0.7539,-2.7528,1.4821,0.0016150474548339844
1311868174.867798,-27.100849654834253,-41.477777880616024,1.3990559281115855,1311868174.867,0.7594,-2.7497,1.4855,0.0007979869842529297
1311868174.899678,-26.862468894591302,-42.3433823290991,1.8394007383595343,1311868174.9003,0.7641,-2.7469,1.4885,0.0006220340728759766
1311868174.931819,-26.77015218614621,-43.33331719517407,1.946669495558401,1311868174.9302,0.7692,-2.7435,1.4907,0.0016188621520996094
1311868174.967694,-26.519696648513165,-44.2973793343892,2.0353047898879613,1311868174.9669,0.7746,-2.7392,1.4939,0.0007939338684082031
1311868175.099631,-25.967138058891347,-43.92513923973691,2.0688922233739007,1311868175.1003,0.7935,-2.7199,1.5078,0.0006690025329589844
1311868175.167807,-26.119624199972428,-44.560866850716174,1.2190918198036358,1311868175.1736,0.8042,-2.71,1.5183,0.005792856216430664
1311868175.199578,-25.876189714438897,-45.518351468836805,1.3738912297360075,1311868175.1936,0.8069,-2.707,1.5215,0.005978107452392578
1311868175.231818,-26.15178930831613,-44.56272810275796,1.269829488164815,1311868175.2336,0.8134,-2.7008,1.5276,0.0017819404602050781
1311868175.26775,-25.976980365587902,-43.79791785192334,1.8899158642129517,1311868175.2569,0.8174,-2.6975,1.5311,0.010849952697753906
1311868175.299978,-26.201771323011606,-42.915383724698074,1.4768752611927682,1311868175.3036,0.8254,-2.6902,1.5363,0.0036220550537109375
1311868175.331887,-26.85710903571599,-42.49156658803551,2.102104432759896,1311868175.3136,0.8271,-2.6884,1.5371,0.018286943435668945
1311868175.400048,-27.289631898712248,-40.983759048512354,1.2178989079131028,1311868175.4003,0.8431,-2.6742,1.542,0.00025200843811035156
1311868175.431994,-27.79416998453199,-40.81056238046628,0.372059541286629,1311868175.427,0.8471,-2.6699,1.5431,0.004993915557861328
1311868175.467702,-27.485648714105675,-40.12348355813394,-0.28576818509538426,1311868175.4536,0.8532,-2.6669,1.5436,0.014101982116699219
1311868175.49977,-27.988394023375196,-39.39640499377598,-0.753319161202435,1311868175.4969,0.8622,-2.6625,1.5453,0.002869844436645508
1311868175.531778,-28.23889339936313,-40.014580369485095,-0.008262607982112868,1311868175.5236,0.8685,-2.6579,1.5463,0.008177995681762695
1311868175.5678,-28.579899137729925,-39.359591335991425,-0.6825803761032962,1311868175.5736,0.8778,-2.6535,1.5475,0.005800008773803711
1311868175.631778,-28.36263812034004,-38.87413465283792,-0.3735012372443941,1311868175.6303,0.8899,-2.6492,1.5493,0.001477956771850586
1311868175.667696,-27.87341295087735,-38.09746322338131,0.023286141876990185,1311868175.6803,0.9,-2.6456,1.5515,0.012603998184204102
1311868175.699784,-27.669603615127315,-38.50863873442617,0.9117659974607399,1311868175.687,0.9018,-2.6456,1.5518,0.012784004211425781
1311868175.731708,-27.48998518164577,-38.8680073162003,1.827512381994841,1311868175.7303,0.9111,-2.6435,1.5542,0.0014081001281738281
1311868175.767584,-27.35641586126141,-39.17261988032709,2.770576760724177,1311868175.7803,0.9236,-2.6422,1.5565,0.012715816497802734
1311868175.799815,-27.375271816691832,-38.873166981758395,1.8166520181560841,1311868175.8003,0.9278,-2.6418,1.5576,0.0004849433898925781
1311868175.831761,-27.649437137134576,-38.31952738640716,1.0303209329725989,1311868175.8305,0.9356,-2.6417,1.5589,0.001260995864868164
1311868175.867687,-27.56787307741407,-37.690383611187336,1.8033186136056298,1311868175.8503,0.9406,-2.642,1.56,0.017386913299560547
1311868175.899663,-27.897925003803888,-37.160719096205085,2.584677191631731,1311868175.9003,0.9544,-2.6428,1.5624,0.000637054443359375
1311868175.931644,-27.81607419702289,-36.312514801674666,2.0613704745245953,1311868175.9237,0.961,-2.6437,1.5633,0.007943868637084961
1311868175.967871,-28.30831685424489,-36.31202748248219,1.190912589885131,1311868175.967,0.9736,-2.6454,1.5652,0.0008709430694580078
1311868175.99987,-28.12721159383104,-35.5373042255436,0.5851034121658731,1311868176.0003,0.983,-2.6466,1.5669,0.0004298686981201172
1311868176.032043,-28.236136641122634,-34.95966961008785,-0.2238920050645391,1311868176.027,0.9902,-2.6494,1.5679,0.00504302978515625
1311868176.067949,-28.516711819414397,-34.313751221890946,-0.9338687688502688,1311868176.067,1.0027,-2.6518,1.5689,0.0009491443634033203
1311868176.099801,-28.934557535331663,-35.17776759960749,-0.6530117647945465,1311868176.1003,1.0124,-2.6546,1.5696,0.0004990100860595703
1311868176.131691,-28.833388898880465,-34.27448664855972,-1.069963117439951,1311868176.1303,1.0212,-2.657,1.5699,0.0013909339904785156
1311868176.167963,-28.208954993277285,-33.51474047240373,-1.2512585816675137,1311868176.1669,1.0332,-2.6596,1.5705,0.0010631084442138672
1311868176.199892,-28.50430741584571,-33.862664387437306,-2.141042766641969,1311868176.2003,1.0438,-2.6626,1.5705,0.00040793418884277344
1311868176.231937,-28.716638008678242,-33.83661074492587,-3.1178932808247977,1311868176.2305,1.0536,-2.6648,1.5704,0.0014369487762451172
1311868176.267779,-27.914043996158636,-33.403915620469974,-3.5285242347722034,1311868176.2704,1.0674,-2.6673,1.5693,0.0026209354400634766
1311868176.299834,-27.72853256049332,-32.421616795853154,-3.5544958807309652,1311868176.3003,1.0775,-2.6712,1.568,0.0004658699035644531
1311868176.331871,-28.097228546750024,-31.718956673352633,-2.945946768525766,1311868176.3303,1.0879,-2.6742,1.5662,0.0015709400177001953
1311868176.367752,-28.497602325689932,-31.057410474130165,-2.311866755095543,1311868176.367,1.1003,-2.6773,1.5635,0.0007519721984863281
1311868176.399921,-28.806188433590794,-30.97806441504568,-1.363985529984324,1311868176.3937,1.1091,-2.6797,1.5612,0.00622105598449707
1311868176.431678,-29.26548500965419,-30.239828015515005,-0.8699676420243649,1311868176.427,1.1202,-2.6825,1.5579,0.004678010940551758
1311868176.467865,-29.539161904056925,-29.46586716005857,-0.29892863136817327,1311868176.4671,1.1338,-2.6853,1.5537,0.0007650852203369141
1311868176.49976,-29.677294546721463,-28.62595323895853,0.22591799210658714,1311868176.5003,1.1428,-2.6874,1.5502,0.0005400180816650391
1311868176.531915,-29.70303545211935,-29.128789921936104,1.0899160685172928,1311868176.5304,1.152,-2.6902,1.5464,0.0015149116516113281
1311868176.567758,-29.72500395922821,-28.34310586258194,0.4716782958341885,1311868176.567,1.1617,-2.6931,1.5428,0.0007581710815429688
1311868176.602124,-30.218247255990104,-28.786334946191968,-0.2768262329708532,1311868176.6004,1.169,-2.6947,1.5399,0.0017240047454833984
1311868176.631719,-30.843597484846637,-28.54585379801787,0.4655388447651161,1311868176.6304,1.1763,-2.6956,1.5373,0.0013191699981689453
1311868176.667782,-31.46815647191902,-28.483474140470182,1.2440212466158806,1311868176.667,1.184,-2.6975,1.5345,0.000782012939453125
1311868176.699787,-30.541433499521634,-28.21635603561641,0.9797629440211237,1311868176.7004,1.1911,-2.6982,1.5329,0.0006132125854492188
1311868176.731819,-30.85815392695432,-27.728357012032102,1.79311718654255,1311868176.7304,1.1961,-2.6984,1.5317,0.0014188289642333984
1311868176.767814,-30.96529100725086,-26.81481655229932,2.185501531868328,1311868176.767,1.2029,-2.6989,1.5311,0.0008139610290527344
1311868176.79972,-30.309120222855196,-26.26997741661003,1.6633998004721282,1311868176.8004,1.2093,-2.6993,1.5306,0.0006799697875976562
1311868176.831887,-30.081345726743773,-25.598518362777472,2.368567523746146,1311868176.8304,1.2142,-2.6989,1.5301,0.0014870166778564453
1311868176.86779,-31.051324792904627,-25.67611684829469,2.1380917413846867,1311868176.867,1.2211,-2.6986,1.5299,0.0007898807525634766
1311868176.899837,-31.832783591253197,-26.081997980746166,1.6641902191213624,1311868176.9004,1.2266,-2.6961,1.5288,0.0005629062652587891
1311868176.931762,-31.77649027892958,-25.441869515299047,2.430392940802732,1311868176.9337,1.2322,-2.6958,1.5278,0.0019381046295166016
1311868176.967856,-32.77500332335299,-25.474910783972163,2.38703426599891,1311868176.967,1.2385,-2.6936,1.5269,0.0008559226989746094
1311868176.999907,-31.879241907659093,-25.293137786950965,2.792706626048214,1311868177.0004,1.2439,-2.6913,1.5261,0.0004930496215820312
1311868177.031966,-32.794704386525076,-25.153691185795978,2.415237295883699,1311868177.0304,1.2492,-2.6896,1.5257,0.0015659332275390625
1311868177.067892,-31.90786498100567,-24.779915299416725,2.686912571864723,1311868177.067,1.2553,-2.6862,1.5242,0.0008921623229980469
1311868177.09973,-32.34286218671846,-25.60257719043145,3.0529792926877457,1311868177.1004,1.2618,-2.6823,1.5232,0.0006699562072753906
1311868177.131895,-31.590695823443834,-25.37948325564645,2.4329189260940214,1311868177.1304,1.2682,-2.6782,1.5225,0.0014951229095458984
1311868177.168091,-32.28019368936617,-25.734234315583482,1.8014568303494916,1311868177.1671,1.2746,-2.6726,1.5224,0.0009911060333251953
1311868177.199869,-33.15133707087781,-25.836559516981577,1.321208184326108,1311868177.2004,1.2818,-2.6665,1.5218,0.0005311965942382812
1311868177.231903,-33.517231562091,-26.369845974613874,2.0839183359602815,1311868177.2304,1.2872,-2.6629,1.5218,0.00150299072265625
1311868177.267807,-32.63605896112581,-26.703917862297132,1.7493576969604567,1311868177.2671,1.2954,-2.6578,1.522,0.0007069110870361328
1311868177.299871,-33.54270508809227,-26.660273068392797,1.3297293704359607,1311868177.3004,1.3013,-2.6518,1.5213,0.0005290508270263672
1311868177.33173,-32.599900799970186,-26.375362738563354,1.1566797294219997,1311868177.3304,1.3083,-2.6471,1.5216,0.0013298988342285156
1311868177.3679,-33.53431417280115,-26.49074456911053,0.8196950385913606,1311868177.3671,1.3152,-2.641,1.5219,0.0007998943328857422
1311868177.399987,-33.598100141213024,-26.56477497381179,-0.17551893308182354,1311868177.4004,1.3221,-2.6367,1.5215,0.00041294097900390625
1311868177.431827,-33.979290001260395,-27.12737122381412,-0.9091262872436864,1311868177.4304,1.3282,-2.6328,1.5215,0.0014271736145019531
1311868177.467848,-34.87306921110789,-27.17616033924131,-1.3549719402001708,1311868177.4671,1.3355,-2.6285,1.5202,0.0007481575012207031
1311868177.499762,-35.800133515265024,-27.100259272191696,-1.7221106115198184,1311868177.5005,1.3424,-2.6252,1.5182,0.0007379055023193359
1311868177.531751,-34.83025006820763,-26.884601973420324,-1.8353273444292242,1311868177.5304,1.3485,-2.6214,1.5161,0.0013508796691894531
1311868177.567851,-35.8053019659834,-27.008181824040456,-2.019723160988476,1311868177.5671,1.3561,-2.618,1.5128,0.0007510185241699219
1311868177.599732,-36.23283110495971,-27.893537416827336,-1.837064162723514,1311868177.6004,1.3626,-2.6152,1.51,0.0006680488586425781
1311868177.632083,-37.17621017454271,-28.22331772172917,-1.8728535685796317,1311868177.6306,1.3688,-2.6129,1.5073,0.0014829635620117188
1311868177.667866,-38.05094375079898,-28.5584791072545,-2.2228650201389173,1311868177.6671,1.377,-2.6105,1.5042,0.0007660388946533203
1311868177.699913,-39.01480064483202,-28.40697931687726,-2.4420172533938014,1311868177.6937,1.3812,-2.6095,1.5018,0.006212949752807617
1311868177.731996,-39.90494158780516,-28.72554321028289,-2.7678487243433065,1311868177.7304,1.3899,-2.6072,1.4995,0.0015959739685058594
1311868177.767937,-38.905870465386805,-28.68300297714314,-2.7609769768128105,1311868177.7705,1.3985,-2.6061,1.4964,0.002562999725341797
1311868177.799899,-39.640743278454195,-28.339707863103968,-3.3458790312554605,1311868177.8004,1.4049,-2.606,1.4947,0.0005009174346923828
1311868177.832005,-40.243976510684824,-27.988406348412745,-2.6298504610795,1311868177.8304,1.4106,-2.6067,1.4929,0.0016050338745117188
1311868177.86781,-40.74547581241586,-27.519315523917648,-3.356797672875363,1311868177.8671,1.4189,-2.6062,1.491,0.0007100105285644531
1311868177.899856,-40.37327980607847,-28.360665481208468,-2.9648788263864194,1311868177.9004,1.4261,-2.6077,1.4889,0.0005438327789306641
1311868177.931937,-40.199820459090226,-27.553202421346118,-3.5287185748080216,1311868177.9337,1.4346,-2.6093,1.4869,0.0017631053924560547
1311868177.967919,-40.33526282609433,-28.039154941658776,-4.392145186178143,1311868177.9671,1.4424,-2.6104,1.4848,0.0008192062377929688
1311868178.000124,-40.439288784499965,-28.376826714526818,-3.456647257914306,1311868178.0004,1.4506,-2.6121,1.4829,0.0002760887145996094
1311868178.031988,-40.241402898172204,-28.902638341441495,-2.629384718575308,1311868178.0304,1.4582,-2.6141,1.4811,0.0015878677368164062
1311868178.068015,-40.40205364513656,-29.16945628227252,-1.6791218476019796,1311868178.0671,1.4677,-2.6167,1.4789,0.0009150505065917969
1311868178.100039,-40.68084212455962,-29.68331264500755,-0.8678089472868838,1311868178.1004,1.4761,-2.6194,1.4769,0.0003609657287597656
1311868178.131987,-40.536617804206365,-30.44778338273074,-0.2394906867026506,1311868178.1304,1.4832,-2.6226,1.4753,0.0015871524810791016
1311868178.167955,-41.23746169557177,-30.081342748784657,0.372505311428855,1311868178.1671,1.4927,-2.6256,1.4738,0.0008549690246582031
1311868178.199855,-41.33296871258462,-30.463504231322954,1.2916522044581598,1311868178.2004,1.5013,-2.629,1.4723,0.0005450248718261719
1311868178.231966,-41.81128647266646,-30.860176224086683,2.075146588960779,1311868178.2304,1.509,-2.632,1.471,0.0015659332275390625
1311868178.267968,-41.994684527651145,-31.004968299044585,3.047463619798564,1311868178.2673,1.5186,-2.6353,1.4698,0.0006680488586425781
1311868178.299815,-42.00580105637393,-31.06480487111945,4.045609905385739,1311868178.3004,1.5261,-2.6387,1.4683,0.0005850791931152344
1311868178.33218,-42.12716311425257,-31.426105141631467,4.970127815128646,1311868178.3338,1.5333,-2.642,1.4666,0.0016200542449951172
1311868178.367989,-43.04305509598569,-31.734611286623263,5.226965967082838,1311868178.3671,1.5401,-2.6451,1.4645,0.0008890628814697266
1311868178.400074,-43.0750090827309,-32.26475460094475,6.074271702346863,1311868178.4004,1.5457,-2.6485,1.4622,0.00032591819763183594
1311868178.432167,-42.96102841746336,-31.96897519604767,5.125839864214102,1311868178.4338,1.5516,-2.6529,1.4599,0.0016329288482666016
1311868178.467895,-43.096862927082256,-31.512032492642224,6.004903201978285,1311868178.4671,1.5565,-2.6563,1.4578,0.0007951259613037109
1311868178.500102,-43.035232003205046,-31.927025100692987,6.912638165767416,1311868178.5004,1.5609,-2.6597,1.4558,0.0002980232238769531
1311868178.531933,-43.41429851616166,-31.555772064631057,6.065006310555674,1311868178.5305,1.5647,-2.6639,1.4543,0.0014331340789794922
1311868178.567928,-43.22928198589908,-32.28961014298191,6.718650371411364,1311868178.5671,1.5692,-2.6708,1.453,0.0008280277252197266
1311868178.600064,-43.29643563996408,-32.86804093750469,7.531612979834072,1311868178.5938,1.5713,-2.6736,1.4521,0.0062639713287353516
1311868178.63203,-42.99986587218213,-33.642732591110665,8.090092356956433,1311868178.6305,1.5733,-2.6797,1.451,0.0015299320220947266
1311868178.668047,-43.6874016145553,-33.592435366136755,8.814498867224856,1311868178.6671,1.5754,-2.6867,1.4502,0.0009469985961914062
1311868178.699917,-42.8985384263813,-33.45251355934958,9.412927441349911,1311868178.7004,1.5768,-2.6933,1.4492,0.0004830360412597656
1311868178.731905,-43.00756258549064,-33.81072659837462,10.340179915815703,1311868178.7305,1.5778,-2.6987,1.4484,0.0014050006866455078
1311868178.767938,-42.696415915060086,-34.20985296700256,11.202668113616602,1311868178.7671,1.5788,-2.707,1.4478,0.0008378028869628906
1311868178.799974,-42.16931534048828,-34.37384590008008,12.03649741400529,1311868178.7938,1.5798,-2.7139,1.4476,0.006173849105834961
1311868178.867919,-41.55228063024074,-35.163753834933516,13.696699031526883,1311868178.8671,1.5806,-2.7327,1.4465,0.0008189678192138672
1311868178.900038,-41.3506039064679,-35.81977852053184,14.423994096114747,1311868178.9005,1.5811,-2.7426,1.4462,0.0004620552062988281
1311868178.932267,-40.94294880410576,-36.455214020042895,15.07976771824302,1311868178.9338,1.5811,-2.7525,1.4464,0.0015330314636230469
1311868178.967934,-40.647342966293955,-36.95184969518539,15.895837687563866,1311868178.9671,1.5816,-2.7631,1.4466,0.0008339881896972656
1311868179.000009,-40.18112916962244,-37.26705055433797,16.72245314482473,1311868179.0005,1.5819,-2.7738,1.447,0.0004909038543701172
1311868179.032182,-39.762902191715966,-37.53303571454024,17.590979534466047,1311868179.0338,1.5826,-2.785,1.4472,0.0016179084777832031
1311868179.067847,-39.66101939534897,-37.94745811040302,18.495343384701,1311868179.0672,1.5824,-2.7967,1.447,0.0006470680236816406
1311868179.100093,-39.309464819158556,-38.52348904758727,19.23331204214263,1311868179.1005,1.5825,-2.8081,1.4468,0.00040721893310546875
1311868179.132026,-38.73724809600024,-39.07080405241755,19.844061014491814,1311868179.1305,1.5824,-2.8183,1.4464,0.00152587890625
1311868179.167985,-38.71149277435249,-39.66577057200045,20.647398741716316,1311868179.1671,1.5826,-2.8312,1.4461,0.000885009765625
1311868179.200163,-38.120737536772005,-39.762451473199405,21.448436226865766,1311868179.1972,1.5827,-2.8416,1.4458,0.002962827682495117
1311868179.232011,-38.38924973070412,-39.92484295210545,22.39792567350983,1311868179.2304,1.5836,-2.8525,1.4449,0.0016109943389892578
1311868179.268108,-38.50074048780285,-40.59111499462685,23.135252857625474,1311868179.2805,1.5854,-2.8687,1.4434,0.012392044067382812
1311868179.300467,-38.143103390458045,-40.99108252551714,23.9791258817448,1311868179.3004,1.5862,-2.8749,1.4428,6.699562072753906e-05
1311868179.33305,-37.90686747096205,-41.62387046219811,24.716534871065456,1311868179.3338,1.5877,-2.8849,1.4419,0.0007500648498535156
1311868179.368133,-38.0739635626639,-42.01392281129973,25.622039184196137,1311868179.3638,1.5896,-2.8938,1.441,0.004333019256591797
1311868179.400093,-38.444667307927425,-42.65708400191131,26.292055912449,1311868179.4005,1.5922,-2.9044,1.4399,0.0004069805145263672
1311868179.432203,-38.7172386079747,-42.86856395936834,27.23066185425019,1311868179.4438,1.5962,-2.9161,1.4386,0.011596918106079102
1311868179.467999,-39.11538768905149,-42.354521482967925,27.990423423226822,1311868179.4672,1.5976,-2.9222,1.4378,0.0007989406585693359
1311868179.50008,-38.97356739893577,-42.769832105535436,28.88898009483639,1311868179.5005,1.6004,-2.9301,1.4368,0.00041985511779785156
1311868179.532184,-38.680782632825114,-43.68969222294815,29.150005850513843,1311868179.5338,1.6048,-2.9391,1.436,0.0016160011291503906
1311868179.567958,-38.74144461357702,-44.205821572761764,30.004365621542547,1311868179.5671,1.6082,-2.9465,1.434,0.0008580684661865234
1311868179.600201,-39.1965834827575,-44.59206289237413,30.806653757305007,1311868179.6005,1.6119,-2.9541,1.4325,0.00029921531677246094
1311868179.632001,-39.157461031977995,-45.227195188493376,31.57806570968278,1311868179.6272,1.6151,-2.9603,1.4312,0.004801034927368164
1311868179.668182,-39.621032001729496,-44.89869496396697,32.40098098994542,1311868179.6671,1.6206,-2.9697,1.4299,0.0010819435119628906
1311868179.700151,-38.855546548930405,-44.41025867988282,32.8198628562789,1311868179.7005,1.6258,-2.9774,1.429,0.0003490447998046875
1311868179.732177,-39.15749303425167,-43.63024399717412,32.27177033237353,1311868179.7338,1.6315,-2.9846,1.4283,0.001622915267944336
1311868179.768285,-39.37579137846454,-43.106006000293696,31.448654085698305,1311868179.7638,1.6366,-2.9912,1.4278,0.004485130310058594
1311868179.800056,-38.90985269839336,-43.92885313683906,31.773959690157568,1311868179.7939,1.6412,-2.9968,1.4274,0.006155967712402344
1311868179.832089,-38.43943971294978,-44.572657450235205,32.377472431678875,1311868179.8339,1.6482,-3.0046,1.4269,0.0018110275268554688
1311868180.031945,-39.65181512229924,-44.3697597332465,34.265829819175785,1311868180.0305,1.69,-3.0379,1.4255,0.0014450550079345703
1311868180.200023,-40.028065963435736,-47.0367715730157,37.5665558663002,1311868180.2005,1.7327,-3.0618,1.4223,0.00047707557678222656
1311868180.368101,-39.60671899982844,-49.66178361410696,40.6034028155455,1311868180.3872,1.7759,-3.0881,1.4123,0.01909923553466797
1311868180.400081,-39.56356245825615,-50.0058034076211,41.54137290813374,1311868180.3938,1.7772,-3.089,1.4119,0.0062808990478515625
1311868180.468133,-39.80611852817286,-51.002306301622255,43.20848356878691,1311868180.4772,1.7927,-3.0985,1.4065,0.009067058563232422
1311868180.500082,-39.9126669110905,-51.328028812024684,44.14792611003931,1311868180.4806,1.7932,-3.0989,1.4061,0.019481897354125977
