timestamp_rgb,est_x,est_y,est_z,timestamp_gt,gt_x,gt_y,gt_z,time_diff,error_meters
1311868164.363181,-0.1546,-1.4445,1.4773,1311868164.3632,-0.1546,-1.4445,1.4773,1.8835067749023438e-05,0.0
1311868164.399026,-0.1571942208723091,-1.443950645965541,1.4781195307350443,1311868164.3998,-0.1578,-1.4458,1.477,0.0007741451263427734,0.0022450897004406404
1311868164.43094,-0.160132269535093,-1.4459709944546582,1.4776016829115832,1311868164.4298,-0.1601,-1.4472,1.4767,0.0011398792266845703,0.001524640294107961
1311868164.463055,-0.16314843837145176,-1.4502909917032265,1.4761848503028547,1311868164.4632,-0.1633,-1.4501,1.4766,0.00014519691467285156,0.0004814540777574844
1311868164.49913,-0.165028301763517,-1.4537679317583507,1.4759659780620031,1311868164.4998,-0.166,-1.4525,1.4765,0.0006699562072753906,0.001684347896629635
1311868164.531025,-0.16659834535777227,-1.4565734314931358,1.4768354526365275,1311868164.5298,-0.1674,-1.4547,1.4768,0.0012249946594238281,0.0020380511804943976
1311868164.563004,-0.16854650411980165,-1.4581796673806668,1.4789621721784179,1311868164.5632,-0.1702,-1.4579,1.4774,0.00019598007202148438,0.0022918648268745213
1311868164.599061,-0.1704172898235254,-1.4613018161782918,1.4806399152424834,1311868164.5998,-0.173,-1.462,1.4787,0.0007390975952148438,0.0033047123403679582
1311868164.63114,-0.17288907505321205,-1.4650252805991155,1.4828685606718128,1311868164.6298,-0.1748,-1.4655,1.4799,0.0013399124145507812,0.0035622107074212493
1311868164.663105,-0.17603063014742826,-1.4684325547459862,1.4842973161561073,1311868164.6632,-0.1771,-1.4699,1.4815,9.489059448242188e-05,0.003334955042026113
1311868164.698987,-0.178806636389971,-1.4740309060932228,1.485326778233431,1311868164.6999,-0.1786,-1.4758,1.4832,0.0009129047393798828,0.0027740903919756597
1311868164.731046,-0.17864416590825505,-1.4791150142273477,1.4882205470345786,1311868164.7298,-0.1805,-1.4812,1.4847,0.0012459754943847656,0.004492831765259697
1311868164.763098,-0.17983288634945893,-1.4858413708462117,1.489680343529578,1311868164.7632,-0.1815,-1.4874,1.4864,0.00010204315185546875,0.003996153955355577
1311868164.799138,-0.18015957301127195,-1.492729374091251,1.491021726158627,1311868164.7998,-0.1818,-1.4942,1.4882,0.0006618499755859375,0.003579927343272575
1311868164.831006,-0.1806585266300852,-1.5002200154630165,1.4927378239530007,1311868164.8298,-0.1821,-1.5004,1.4895,0.0012061595916748047,0.0035487665266049117
1311868164.863058,-0.1817318982436537,-1.5084451558436582,1.4922345773502304,1311868164.8631,-0.1821,-1.5078,1.4906,4.1961669921875e-05,0.0017954297757132932
1311868164.899132,-0.18162489726142014,-1.5158526443963765,1.493942873310385,1311868164.8998,-0.1821,-1.5171,1.4922,0.0006680488586425781,0.0021952735570195674
1311868164.930933,-0.1836442705447063,-1.523534350839329,1.4934168753540424,1311868164.9298,-0.1821,-1.5247,1.4928,0.001132965087890625,0.0020307744048626494
1311868164.963119,-0.18610849921989514,-1.5323790891676135,1.4919840863083935,1311868164.9632,-0.1818,-1.5335,1.4933,8.106231689453125e-05,0.004642330822524005
1311868164.999037,-0.18456456862689583,-1.5393609939081088,1.4938331035707026,1311868165.0001,-0.1814,-1.5443,1.4938,0.0010628700256347656,0.005865950188713278
1311868165.031122,-0.18361290725920712,-1.5493375988614255,1.495619305566127,1311868165.0299,-0.1812,-1.5529,1.4946,0.0012218952178955078,0.004421742546868665
1311868165.063108,-0.18493150479155154,-1.5603184435382254,1.4961030444409933,1311868165.0632,-0.1814,-1.5635,1.4954,9.202957153320312e-05,0.0048050077105268275
1311868165.099162,-0.18449616901653287,-1.572769474029034,1.4962845219814414,1311868165.0999,-0.1816,-1.5756,1.4961,0.0007379055023193359,0.004053852563460066
1311868165.131014,-0.1836060627821901,-1.5842324710275044,1.4983514995473113,1311868165.1298,-0.1823,-1.5863,1.4966,0.0012140274047851562,0.0030080270456501667
1311868165.163146,-0.1855935441066705,-1.5962634219762635,1.4983290223857533,1311868165.1632,-0.1816,-1.5979,1.4967,5.3882598876953125e-05,0.004613078808451667
1311868165.199145,-0.18800856939481447,-1.6086726846681398,1.497430097981869,1311868165.1998,-0.1831,-1.6107,1.4961,0.0006549358367919922,0.005474780507004536
1311868165.231193,-0.18947135561340142,-1.6209824021482109,1.4963195106220712,1311868165.2298,-0.1837,-1.6215,1.4951,0.0013930797576904297,0.005921457532555738
1311868165.263005,-0.1908169372676167,-1.6311430335536996,1.4954405393384205,1311868165.2632,-0.1842,-1.6332,1.4935,0.00019502639770507812,0.007195878173561409
1311868165.299103,-0.19278510116159223,-1.641968958880721,1.4934203141611608,1311868165.2998,-0.1848,-1.6458,1.4912,0.0006968975067138672,0.009130635881071986
1311868165.331226,-0.1927859097755801,-1.65354896277802,1.4914851732963155,1311868165.3299,-0.1848,-1.6559,1.4889,0.0013260841369628906,0.008716951986493002
1311868165.36306,-0.1917452616410802,-1.6644285809053314,1.4933861571297309,1311868165.3632,-0.1843,-1.6672,1.4867,0.0001399517059326172,0.0103835149090222
1311868165.39916,-0.19296195887594605,-1.676357259959963,1.490863131450581,1311868165.3999,-0.185,-1.6787,1.4841,0.00074005126953125,0.010706127547123948
1311868165.430962,-0.19449389962791702,-1.687618164867137,1.4877756560197262,1311868165.4305,-0.1851,-1.6879,1.4819,0.0004620552062988281,0.011083686883146787
1311868165.463114,-0.19518217778223904,-1.697131478474604,1.4849419827133614,1311868165.4639,-0.1855,-1.6975,1.4791,0.0007860660552978516,0.011314112282666109
1311868165.499179,-0.1957562561193902,-1.7034744961390362,1.4851647885520622,1311868165.4999,-0.185,-1.7069,1.4772,0.0007212162017822266,0.013815533977608622
1311868165.531124,-0.1956211968635559,-1.7117477323618477,1.4840938018635388,1311868165.5299,-0.1855,-1.7143,1.4758,0.0012240409851074219,0.013331910793252858
1311868165.563054,-0.1965333272442084,-1.7185766060506342,1.4838539091087932,1311868165.5632,-0.1868,-1.7222,1.4748,0.00014591217041015625,0.013778240566394422
1311868165.599188,-0.1961219694680783,-1.72478760147422,1.4856169112964832,1311868165.5999,-0.1888,-1.7297,1.4743,0.0007119178771972656,0.014346267021773529
1311868165.631159,-0.19842327630455336,-1.7319094860531217,1.4856612858784748,1311868165.6299,-0.1905,-1.7355,1.4742,0.0012590885162353516,0.014388577823716685
1311868165.663251,-0.20086833429055287,-1.7387477298657168,1.4851066831106594,1311868165.6632,-0.1931,-1.7415,1.4744,5.1021575927734375e-05,0.013511294230159007
1311868165.699187,-0.20422739010417296,-1.7434446380777517,1.4862090496800529,1311868165.6999,-0.1965,-1.7473,1.4748,0.0007128715515136719,0.014308836010504278
1311868165.731234,-0.20893645472659778,-1.7483757062400267,1.4865626284637146,1311868165.7303,-0.1993,-1.7516,1.4752,0.0009341239929199219,0.015243577518180779
1311868165.7631,-0.2144270110441291,-1.7538827397153753,1.4859896360419662,1311868165.7632,-0.203,-1.7559,1.4758,0.00010013580322265625,0.015442622935444248
1311868165.799107,-0.21858306158173482,-1.7575740148548311,1.487047407692807,1311868165.7999,-0.2074,-1.7601,1.4765,0.0007929801940917969,0.015578487613782497
1311868165.831186,-0.22423614774819856,-1.7600589124019277,1.4885335547018153,1311868165.8299,-0.2116,-1.7629,1.4773,0.0012860298156738281,0.017144583981330584
1311868165.86322,-0.23008846725436408,-1.7633860966492312,1.4891778409602212,1311868165.8632,-0.217,-1.7656,1.478,2.002716064453125e-05,0.01735377398859124
1311868165.899162,-0.2336181002301678,-1.765402541994242,1.49034833002334,1311868165.8999,-0.2231,-1.768,1.4786,0.0007379055023193359,0.015981253983365824
1311868165.931154,-0.23805491455116834,-1.7669479679181126,1.4917607197434206,1311868165.9299,-0.2284,-1.7697,1.4791,0.0012540817260742188,0.01615812117764744
1311868165.963154,-0.24468198883012765,-1.7682852230555781,1.4926989228830492,1311868165.9633,-0.2345,-1.771,1.4793,0.00014591217041015625,0.01704623256971187
1311868165.999133,-0.25312319067872885,-1.7697505902381865,1.492041226655569,1311868165.9999,-0.2418,-1.7723,1.4792,0.0007669925689697266,0.017309281882856214
1311868166.031204,-0.2598057682837481,-1.771455617341159,1.4916332974719178,1311868166.0299,-0.2472,-1.7728,1.4786,0.0013039112091064453,0.01818184813896653
1311868166.063111,-0.2689199949666898,-1.7722538370049066,1.4906086501927645,1311868166.0632,-0.2548,-1.7741,1.4777,8.893013000488281e-05,0.019220193169241395
1311868166.099206,-0.27526059138615744,-1.7721776579165658,1.4895599437951963,1311868166.1,-0.262,-1.7743,1.4762,0.0007939338684082031,0.018942959590321506
1311868166.131254,-0.2811500777090882,-1.771670694530048,1.4887523624065977,1311868166.1299,-0.2694,-1.7743,1.4749,0.0013539791107177734,0.018353896525469714
1311868166.163189,-0.2907359699280108,-1.7726508367451665,1.4876044484755453,1311868166.1633,-0.2773,-1.7747,1.4729,0.00011110305786132812,0.020023615131172845
1311868166.199211,-0.29883995799089086,-1.7739635059626537,1.4845484672611506,1311868166.1999,-0.286,-1.7754,1.4699,0.0006890296936035156,0.01953216909173625
1311868166.23105,-0.3057035971028887,-1.774824081883266,1.482103546913895,1311868166.2299,-0.2925,-1.7765,1.4671,0.0011501312255859375,0.020056173562942033
1311868166.263177,-0.313658431524163,-1.7773485098995463,1.478674821822517,1311868166.2632,-0.2994,-1.7782,1.4635,2.3126602172851562e-05,0.02083994055331139
1311868166.299209,-0.3206283877313961,-1.7796542851818271,1.47495330050253,1311868166.2999,-0.307,-1.7805,1.4592,0.0006909370422363281,0.02084741380684793
1311868166.331189,-0.32676316346090306,-1.7811584514402712,1.4715913755048502,1311868166.3299,-0.313,-1.7826,1.4558,0.0012888908386230469,0.020996910987970983
1311868166.363122,-0.33208795471705277,-1.782285269090647,1.468949589172154,1311868166.3632,-0.3194,-1.7853,1.4526,7.796287536621094e-05,0.02091367646914357
1311868166.399232,-0.3363392918205462,-1.7845907864960464,1.466947980266114,1311868166.3999,-0.326,-1.7886,1.4499,0.0006680488586425781,0.020337364121845114
1311868166.431171,-0.3424887158411716,-1.788263306727542,1.4656177414639096,1311868166.4299,-0.331,-1.7917,1.4483,0.0012710094451904297,0.021064321060479493
1311868166.463018,-0.3469265496680531,-1.7925454256388595,1.4644267552933732,1311868166.4633,-0.3359,-1.7958,1.447,0.00028204917907714844,0.02087747235441454
1311868166.499195,-0.3500398507358884,-1.7968567329920027,1.4646667328555485,1311868166.4999,-0.3404,-1.8005,1.4463,0.0007050037384033203,0.021060317957924034
1311868166.531252,-0.3525564470507617,-1.8005276164254316,1.463818181879526,1311868166.5299,-0.3438,-1.8041,1.446,0.0013518333435058594,0.020172379503878783
1311868166.563132,-0.35501636266755043,-1.803869314826147,1.4633679234233947,1311868166.5632,-0.3475,-1.8087,1.4462,6.794929504394531e-05,0.019353780552403083
1311868166.599207,-0.3587311543437133,-1.8082847502972026,1.4636750103652503,1311868166.5999,-0.3508,-1.8139,1.4467,0.0006930828094482422,0.019559785667254127
1311868166.631287,-0.3612497657398961,-1.812673483632242,1.4642693461359624,1311868166.6299,-0.3529,-1.8184,1.4471,0.0013871192932128906,0.019932336149027476
1311868166.663284,-0.3634133760318525,-1.8181407551961637,1.4649738294410155,1311868166.6632,-0.3555,-1.824,1.448,8.416175842285156e-05,0.01962302616278813
1311868166.69927,-0.36508988645907553,-1.8238291409683463,1.466390515319575,1311868166.6999,-0.3577,-1.8305,1.4491,0.0006299018859863281,0.01995175937391696
1311868166.731105,-0.36644170138180576,-1.82971990627043,1.4672061601539879,1311868166.7299,-0.3588,-1.8354,1.4497,0.0012052059173583984,0.01992798806007433
1311868166.763333,-0.3674175891419313,-1.8360848857023595,1.468296887007437,1311868166.7633,-0.3602,-1.843,1.451,3.314018249511719e-05,0.01997735465268612
1311868166.799225,-0.3686094746545248,-1.8429055366343159,1.4691111490090376,1311868166.7999,-0.3615,-1.8512,1.4523,0.0006749629974365234,0.020048877359894114
1311868166.831229,-0.3694020138000252,-1.8514105303681645,1.470121010475445,1311868166.8299,-0.362,-1.8587,1.4532,0.0013289451599121094,0.019855648347997416
1311868166.863222,-0.36939011661273147,-1.8605778625221407,1.4712531533143705,1311868166.8632,-0.3616,-1.8673,1.4539,2.193450927734375e-05,0.020174364402955596
1311868166.899308,-0.3684456732241405,-1.8703052824642372,1.471763023526385,1311868166.9,-0.3609,-1.8781,1.4547,0.0006921291351318359,0.020219831298252833
1311868166.93116,-0.36786088701502634,-1.8812428777944248,1.4725233959430635,1311868166.93,-0.3599,-1.8873,1.4551,0.0011599063873291016,0.020090773446237598
1311868166.963312,-0.36633772549536087,-1.8916834763550028,1.4724572474982935,1311868166.9642,-0.3588,-1.8982,1.4554,0.0008881092071533203,0.019754292654440016
1311868166.999289,-0.3650154781504748,-1.9036110622212385,1.4728518459384636,1311868167.0004,-0.3569,-1.9109,1.4557,0.0011110305786132812,0.020326716868453748
1311868167.031127,-0.3637100371229184,-1.915650606170278,1.4728076077731194,1311868167.0299,-0.3553,-1.9214,1.4558,0.0012269020080566406,0.01982531149773897
1311868167.063209,-0.3612532716797641,-1.9279813526915979,1.4729031769335126,1311868167.0633,-0.3528,-1.9333,1.4561,9.083747863769531e-05,0.019547188195287998
1311868167.099303,-0.35914557270606096,-1.9406557399204256,1.4735251424482312,1311868167.0999,-0.3501,-1.9466,1.4565,0.0005970001220703125,0.020174540610800137
1311868167.131299,-0.3560226899657737,-1.9515666064993349,1.473816872300264,1311868167.1299,-0.3481,-1.9573,1.4569,0.0013990402221679688,0.01954025040143237
1311868167.16323,-0.35291456467533877,-1.9627254844645112,1.4746347761968388,1311868167.1632,-0.3459,-1.9693,1.4575,3.0040740966796875e-05,0.01964761887422106
1311868167.199258,-0.3487243903697522,-1.9739064727235052,1.4767918614393551,1311868167.2,-0.3434,-1.9823,1.4585,0.0007419586181640625,0.02081808415458405
1311868167.231267,-0.3474154548507696,-1.9851165827941863,1.478012078780611,1311868167.23,-0.3412,-1.9925,1.4591,0.0012669563293457031,0.021232368036587315
1311868167.263251,-0.3460731115144381,-1.996160346844603,1.4795237916697181,1311868167.2633,-0.3393,-2.0034,1.4596,4.887580871582031e-05,0.02225410281039869
1311868167.299141,-0.344051974773757,-2.007438753380772,1.4814681069281752,1311868167.3,-0.3368,-2.0149,1.4599,0.0008590221405029297,0.023946702814737306
1311868167.331145,-0.34323388262885857,-2.0180147850123658,1.4817752940893598,1311868167.3299,-0.3347,-2.0238,1.4599,0.0012450218200683594,0.02418314199338589
1311868167.363275,-0.3417532591883182,-2.0269571574440834,1.4824359180723727,1311868167.3633,-0.3323,-2.0331,1.4599,2.5033950805664062e-05,0.02519853621369705
1311868167.399226,-0.33934953143728036,-2.035882528466615,1.4823204072310068,1311868167.3999,-0.3299,-2.0431,1.4601,0.0006740093231201172,0.025201826069377452
1311868167.431237,-0.336942676162961,-2.0433935389768507,1.4819254783426619,1311868167.43,-0.3283,-2.0506,1.4603,0.0012369155883789062,0.02437806894085188
1311868167.463303,-0.33517024699601056,-2.0511440003114316,1.482529228515175,1311868167.4633,-0.3268,-2.0585,1.4607,3.0994415283203125e-06,0.02450891641342322
1311868167.499121,-0.33292632399682015,-2.0580074918056988,1.4831581899363582,1311868167.5,-0.3251,-2.0664,1.4611,0.0008790493011474609,0.024864619127649295
1311868167.531321,-0.33225067639543127,-2.065463883933811,1.4840607399658223,1311868167.53,-0.3236,-2.0726,1.4615,0.0013210773468017578,0.025194152940991015
1311868167.56316,-0.33160005926889324,-2.0725929972510317,1.4841495262523365,1311868167.5633,-0.3222,-2.0792,1.4619,0.0001399517059326172,0.025041066631375668
1311868167.59923,-0.32996008906148094,-2.0784778641160977,1.483764113415033,1311868167.5999,-0.3199,-2.0857,1.4622,0.0006699562072753906,0.02486715958904209
1311868167.631495,-0.32809758256159716,-2.083197744047035,1.482719021680185,1311868167.63,-0.3182,-2.0904,1.4623,0.0014948844909667969,0.023806954398904612
1311868167.66336,-0.3270488701144202,-2.088057332221174,1.4824870679420605,1311868167.6633,-0.3161,-2.0953,1.4624,6.008148193359375e-05,0.023996339134248035
1311868167.699226,-0.3261689248612406,-2.0927176670948704,1.4819008362023152,1311868167.7001,-0.3134,-2.0999,1.4622,0.0008740425109863281,0.024551054868224457
1311868167.731241,-0.3240205004913862,-2.0966887646712196,1.4816661634907184,1311868167.73,-0.3114,-2.1034,1.4618,0.0012409687042236328,0.02447411212140916
1311868167.763281,-0.3204330747251025,-2.100183213998268,1.4821917543323793,1311868167.7633,-0.3085,-2.1069,1.4614,1.8835067749023438e-05,0.02489599435262539
1311868167.799224,-0.318230122587502,-2.1033682269325493,1.4812652549018412,1311868167.8,-0.3058,-2.1106,1.461,0.0007760524749755859,0.024849286619056624
1311868167.831218,-0.314172638522532,-2.1066091438057812,1.481832601270672,1311868167.83,-0.303,-2.1135,1.4609,0.0012180805206298828,0.024708005718825334
1311868167.863098,-0.31039749791841437,-2.1094744509104206,1.4816263852223344,1311868167.8633,-0.3,-2.1165,1.4612,0.000202178955078125,0.02397297470537847
1311868167.899376,-0.3048041910812871,-2.111447750489625,1.4822010058332855,1311868167.9,-0.2965,-2.12,1.4623,0.0006241798400878906,0.02319807307469099
1311868167.931184,-0.3015900351586968,-2.1131969547927194,1.4821087213334743,1311868167.93,-0.2934,-2.1225,1.4634,0.0011839866638183594,0.02244191569280553
1311868167.963366,-0.3000014924802878,-2.116540841024562,1.4830105398678566,1311868167.9635,-0.2898,-2.1256,1.4644,0.00013399124145507812,0.023075766603532517
1311868167.999325,-0.2965489325645156,-2.119271409547621,1.483551252140019,1311868168.0,-0.2849,-2.1274,1.4653,0.0006749629974365234,0.023127468891205646
1311868168.031266,-0.29183093539468996,-2.1208860814735457,1.4838718495102945,1311868168.03,-0.281,-2.1293,1.4659,0.0012660026550292969,0.02260731212051609
1311868168.063183,-0.2865685701332144,-2.1228650071326784,1.4848215678463208,1311868168.0633,-0.2774,-2.1317,1.4664,0.00011682510375976562,0.022393613803267574
1311868168.099296,-0.28068156297071845,-2.123401636269662,1.4847485227451134,1311868168.1,-0.2721,-2.1327,1.4669,0.0007038116455078125,0.021878586683442117
1311868168.131162,-0.27554861362458605,-2.1239690100353372,1.485060533415159,1311868168.1301,-0.267,-2.1326,1.4669,0.0010619163513183594,0.021848976099480517
1311868168.163282,-0.27084813815394104,-2.124229316191083,1.4847374465151704,1311868168.1633,-0.2618,-2.1329,1.4669,1.811981201171875e-05,0.021799634399424676
1311868168.199247,-0.2659477643232054,-2.1244070629025456,1.4843364854505547,1311868168.2,-0.2559,-2.1327,1.4666,0.0007531642913818359,0.02200711906940014
1311868168.231293,-0.2614605573866593,-2.124105837701847,1.4832010014171353,1311868168.23,-0.2502,-2.132,1.4664,0.0012929439544677734,0.021711554519803788
1311868168.263256,-0.2552640558219789,-2.1232286254652726,1.4821393320846383,1311868168.2633,-0.2437,-2.1311,1.4663,4.38690185546875e-05,0.021132211550314722
1311868168.299606,-0.24762147575967672,-2.121761999462322,1.4821495129988393,1311868168.3,-0.2367,-2.1293,1.4665,0.00039386749267578125,0.02051846344091309
1311868168.331222,-0.24021410406225976,-2.12014818968611,1.4826965773459613,1311868168.33,-0.2304,-2.1278,1.4674,0.0012221336364746094,0.0197193336126147
1311868168.36318,-0.23118075264179133,-2.1172230423291336,1.4842982674766507,1311868168.3633,-0.2237,-2.1257,1.4689,0.0001201629638671875,0.019103065532102628
1311868168.39936,-0.2222154205592186,-2.113921408020688,1.4870088112220414,1311868168.4,-0.2158,-2.1231,1.4715,0.0006401538848876953,0.01912922887089951
1311868168.431214,-0.21387553876522536,-2.1112247645352884,1.4900888198274616,1311868168.43,-0.2094,-2.1207,1.4743,0.0012140274047851562,0.01894986453499878
1311868168.463333,-0.20599602545372217,-2.1091213309932693,1.4934438599534607,1311868168.4633,-0.2016,-2.118,1.4775,3.2901763916015625e-05,0.018771320500604642
1311868168.499268,-0.1976604466302863,-2.105765813799055,1.4959688498763768,1311868168.5,-0.1935,-2.1154,1.4807,0.0007319450378417969,0.018527402312932994
1311868168.531406,-0.19167852526163412,-2.10268389022045,1.4961934372280103,1311868168.53,-0.1864,-2.1132,1.4828,0.001405954360961914,0.017827943084212212
1311868168.563319,-0.1867658428028454,-2.1012884255451616,1.496238041656863,1311868168.5633,-0.1787,-2.1108,1.4842,1.9073486328125e-05,0.017333271926053478
1311868168.599366,-0.17947798400795137,-2.099325406040667,1.4962966424835822,1311868168.6001,-0.1708,-2.1086,1.4849,0.0007340908050537109,0.01706484572011539
1311868168.631188,-0.17160151175187616,-2.097177968210158,1.4969576273729217,1311868168.63,-0.1641,-2.1071,1.4852,0.0011878013610839844,0.01711610922034107
1311868168.66332,-0.16517898169678283,-2.096278217164098,1.497760187662275,1311868168.6633,-0.1575,-2.1057,1.4854,2.002716064453125e-05,0.017335252832107118
1311868168.699557,-0.15913448872995684,-2.0964473755043693,1.4978111725115075,1311868168.7,-0.1496,-2.1046,1.4854,0.0004429817199707031,0.017646783407149026
1311868168.731207,-0.15280913511781605,-2.0950161200695563,1.496685379712497,1311868168.73,-0.1451,-2.1043,1.4852,0.0012068748474121094,0.016659385882074825
1311868168.763305,-0.14764082776602777,-2.0937542373247675,1.4948215953453614,1311868168.7633,-0.1394,-2.1035,1.4847,5.0067901611328125e-06,0.01628919349527567
1311868168.799362,-0.141440162506499,-2.0930067331285764,1.4943615216603472,1311868168.8002,-0.1327,-2.1025,1.4849,0.0008380413055419922,0.016001029612537323
1311868168.831176,-0.1343857462243581,-2.0921008084970127,1.4948487547639464,1311868168.83,-0.1282,-2.1026,1.4849,0.0011761188507080078,0.015731312720866624
1311868168.863325,-0.1272413473175296,-2.091302996850721,1.4970041149291522,1311868168.8633,-0.1226,-2.1025,1.4856,2.5033950805664062e-05,0.016642380291419203
1311868168.8993,-0.1218729925220969,-2.09154269822137,1.4976291505282546,1311868168.9,-0.1163,-2.1025,1.4865,0.0006999969482421875,0.016582481702081486
1311868168.931215,-0.1144273493605819,-2.0910503311412167,1.4992834156390855,1311868168.93,-0.1111,-2.1022,1.4875,0.0012149810791015625,0.01656004992599136
1311868168.963348,-0.10806637345648416,-2.090274255845666,1.4996855571848315,1311868168.9633,-0.1048,-2.1028,1.4893,4.792213439941406e-05,0.016595880820747567
1311868168.999373,-0.1014876167651306,-2.0904762599378053,1.5009325509155658,1311868169.0003,-0.0973,-2.1034,1.4916,0.000926971435546875,0.016481981008313606
1311868169.031214,-0.09405669655586475,-2.0910718019901253,1.5036983534128545,1311868169.03,-0.091,-2.1038,1.4937,0.0012140274047851562,0.01647171786370672
1311868169.063354,-0.08640922073948447,-2.092168250606959,1.5063679105677779,1311868169.0633,-0.0844,-2.1048,1.496,5.412101745605469e-05,0.01646486046858584
1311868169.099339,-0.07811673734570344,-2.0929148348455,1.5095583278150833,1311868169.1001,-0.0756,-2.1059,1.4988,0.0007610321044921875,0.017049636310892496
1311868169.131247,-0.07075829033433355,-2.094106008923474,1.5117284878293136,1311868169.1301,-0.0689,-2.1071,1.5008,0.0011470317840576172,0.017080072988689812
1311868169.163498,-0.0629336756812444,-2.0945230469503895,1.5129434755655946,1311868169.1634,-0.0607,-2.1082,1.5029,9.799003601074219e-05,0.017114898574251993
1311868169.199452,-0.05421559607780708,-2.0958294307008676,1.5149582480346422,1311868169.2,-0.0514,-2.1097,1.5054,0.0005481243133544922,0.017078652740984603
1311868169.231354,-0.04488638750683705,-2.098008227852014,1.5181212574796825,1311868169.23,-0.0434,-2.1111,1.5075,0.0013539791107177734,0.01692379851702857
1311868169.263274,-0.03579887504804918,-2.100567301426444,1.5205625099196913,1311868169.2633,-0.0343,-2.1129,1.5102,2.5987625122070312e-05,0.016177876632968498
1311868169.299529,-0.025472524081151585,-2.1022539975898598,1.5231136014866242,1311868169.3,-0.0241,-2.1152,1.5134,0.00047087669372558594,0.016243055580698162
1311868169.331297,-0.01461341645045046,-2.1042676724958667,1.5276713641824382,1311868169.33,-0.0152,-2.1172,1.5161,0.0012969970703125,0.017363341958775643
1311868169.36347,-0.004061002890745735,-2.1066386552760155,1.5309751885103284,1311868169.3634,-0.0055,-2.1196,1.5193,7.009506225585938e-05,0.017503633808044282
1311868169.399437,0.005763623420049432,-2.108543027355798,1.5341766512076251,1311868169.4,0.0051,-2.1219,1.5235,0.0005631446838378906,0.017112568342328986
1311868169.43144,0.01614697097223916,-2.110750139370069,1.5378316419544675,1311868169.43,0.0138,-2.1239,1.5269,0.0014400482177734375,0.017260588146173116
1311868169.463229,0.025731723233719382,-2.112897158928269,1.5416660029110048,1311868169.4634,0.0238,-2.1259,1.5309,0.0001709461212158203,0.01699153463546342
1311868169.499263,0.03555721146952789,-2.1173915331083606,1.5463593645645113,1311868169.5002,0.034,-2.128,1.5352,0.0009369850158691406,0.015475654908129527
1311868169.531434,0.04569221875363345,-2.1215135976378687,1.551827747029642,1311868169.5308,0.0426,-2.1301,1.5387,0.0006339550018310547,0.015988303988197526
1311868169.563501,0.05563935247418331,-2.1246690815076166,1.5569602445571589,1311868169.5633,0.0513,-2.1326,1.5426,0.0002009868621826172,0.016968973798360428
1311868169.599378,0.06419749377924981,-2.1272164092549373,1.5601893364012622,1311868169.6001,0.0603,-2.1359,1.5465,0.0007219314575195312,0.016673126194386944
1311868169.631327,0.07084796549392072,-2.1282842885138753,1.5613204133515586,1311868169.6303,0.067,-2.1387,1.5494,0.0010268688201904297,0.01629079920312717
1311868169.66324,0.0774633647676958,-2.1308488756950794,1.5643898772390896,1311868169.6633,0.0741,-2.142,1.5524,6.008148193359375e-05,0.016715769561489093
1311868169.699466,0.08384525359462205,-2.135873163149949,1.566698189931823,1311868169.7001,0.0817,-2.1461,1.5551,0.0006339550018310547,0.015611159938885085
1311868169.731279,0.09124758558640478,-2.1440279092173475,1.5699894605916185,1311868169.7301,0.088,-2.1493,1.5571,0.0011789798736572266,0.014299648516814775
1311868169.763417,0.09953889633038429,-2.149326592951822,1.5731532051590307,1311868169.7634,0.0939,-2.1532,1.5589,1.6927719116210938e-05,0.015809942798477018
1311868169.799368,0.10575975178500506,-2.152102186812078,1.5752904615849843,1311868169.8001,0.1009,-2.157,1.561,0.0007321834564208984,0.015868933604611144
1311868169.831415,0.11035205171043622,-2.1562674870170677,1.5754533597642821,1311868169.8301,0.1066,-2.1592,1.5627,0.0013148784637451172,0.013613438570400335
1311868169.863396,0.11589451486102939,-2.160984808315844,1.5767757388362516,1311868169.8634,0.1121,-2.1627,1.5642,4.0531158447265625e-06,0.013247242461039786
1311868169.89939,0.12118843718347996,-2.165388350924881,1.5793290562425732,1311868169.9001,0.1174,-2.1666,1.5656,0.0007100105285644531,0.014293611687958613
1311868169.931272,0.12622856077668945,-2.1715401480730256,1.5812360115963238,1311868169.9301,0.1212,-2.1702,1.5673,0.0011720657348632812,0.01487598196944884
1311868169.963415,0.13311979700086204,-2.1750558571587195,1.5858529361747464,1311868169.9634,0.126,-2.1745,1.5694,1.5020370483398438e-05,0.017935986041605477
1311868169.999399,0.13769281900751917,-2.178551472245437,1.5896181457262184,1311868170.0001,0.1304,-2.1797,1.5723,0.0007009506225585938,0.0188261120912941
1311868170.031274,0.13777926278391203,-2.183887580994603,1.5882504117837941,1311868170.0301,0.1332,-2.1846,1.5746,0.0011739730834960938,0.014415648800887105
1311868170.063469,0.14014047962218026,-2.1875342524669676,1.5902138202226164,1311868170.0634,0.1358,-2.1899,1.577,6.890296936035156e-05,0.01410820929871109
1311868170.099394,0.1435206988878206,-2.1910324707376048,1.5961931691083295,1311868170.1001,0.1375,-2.1961,1.5803,0.0007059574127197266,0.017734753796683912
1311868170.131345,0.14368953847003949,-2.201153123583778,1.5983972086461322,1311868170.1301,0.1386,-2.2017,1.5827,0.0012450218200683594,0.016510749072432784
1311868170.163416,0.14355572579705367,-2.2097801994216533,1.6000609164221713,1311868170.1634,0.1395,-2.208,1.5855,1.5974044799804688e-05,0.015219668484405332
1311868170.199317,0.1433846526309944,-2.2165843712591884,1.6018293968004877,1311868170.2001,0.1396,-2.215,1.5877,0.0007829666137695312,0.014713044612515522
1311868170.231467,0.14212685683252124,-2.2235135843619993,1.6032115996485432,1311868170.2301,0.1399,-2.2208,1.5895,0.0013670921325683594,0.014153812078877046
1311868170.263521,0.13887402155256376,-2.2304882195038442,1.6020390785145073,1311868170.2634,0.1385,-2.2271,1.5906,0.00012087821960449219,0.011936182002176202
1311868170.299432,0.13788770645348958,-2.236876685723752,1.6044691169660368,1311868170.3001,0.1361,-2.2343,1.5912,0.0006680488586425781,0.013634686235524517
1311868170.331325,0.13398646017694113,-2.245624971481624,1.6045670759489963,1311868170.3301,0.1338,-2.2399,1.5911,0.0012249946594238281,0.014634623345991065
1311868170.3634,0.12865065143003013,-2.2535208988989703,1.6035602977751457,1311868170.3634,0.1292,-2.247,1.5907,0.0,0.014429524079724204
1311868170.399421,0.1236800595218427,-2.259544407987989,1.6022082881597266,1311868170.4001,0.1243,-2.2551,1.5895,0.00067901611328125,0.013477302271256233
1311868170.431288,0.11863052951569793,-2.2646313814330497,1.6014949400155627,1311868170.4301,0.1205,-2.2607,1.5885,0.001188039779663086,0.013704712542475185
1311868170.463383,0.11371115373671682,-2.273020868610617,1.6000945656827539,1311868170.4634,0.1164,-2.2673,1.5872,1.6927719116210938e-05,0.014360642605202928
1311868170.499476,0.11017465175942465,-2.280962350387899,1.600226913757029,1311868170.5001,0.1114,-2.2743,1.5858,0.0006239414215087891,0.01593813764385809
1311868170.531505,0.10592237863917671,-2.288000466883521,1.5994061225773393,1311868170.5301,0.1078,-2.2807,1.585,0.0014050006866455078,0.016259109643683836
1311868170.563345,0.10326361116956057,-2.294131664836897,1.6000885293383045,1311868170.5634,0.1038,-2.288,1.5843,5.507469177246094e-05,0.016945875171142943
1311868170.599324,0.09787932515733934,-2.302832124262023,1.598141191202995,1311868170.6001,0.1008,-2.2952,1.5838,0.0007760524749755859,0.01650604214850943
1311868170.631485,0.09550814437022677,-2.3116123860420723,1.5983681620304875,1311868170.6301,0.099,-2.3014,1.5833,0.0013849735260009766,0.018534707750286133
1311868170.66343,0.09307332808357167,-2.3195885980677446,1.5984026291784765,1311868170.6634,0.0964,-2.3086,1.5831,3.0040740966796875e-05,0.019130773463400596
1311868170.699432,0.0899816436046606,-2.325985566342847,1.5968696163860343,1311868170.7001,0.0941,-2.3164,1.5827,0.0006680488586425781,0.01759607825737118
1311868170.731397,0.08787998970622792,-2.3313286321036792,1.5965290108869847,1311868170.7301,0.0922,-2.3227,1.5828,0.0012969970703125,0.01678098688557628
1311868170.763453,0.08680258606211999,-2.338168319959001,1.5970212543534774,1311868170.7634,0.091,-2.3292,1.5831,5.2928924560546875e-05,0.017083628696127152
1311868170.799446,0.0869339810506961,-2.34429887156471,1.5991286733572116,1311868170.8001,0.09,-2.3366,1.5834,0.0006539821624755859,0.017778196228674478
1311868170.831309,0.08593035879895383,-2.3511665218897555,1.599518317163598,1311868170.8301,0.089,-2.3424,1.5841,0.0012090206146240234,0.017999975202872418
1311868170.863446,0.0849099546330099,-2.3584206710938918,1.5999330354634411,1311868170.8635,0.0875,-2.3489,1.5847,5.412101745605469e-05,0.01814929427034528
1311868170.899435,0.08599543231010617,-2.3660557216168607,1.6017774716193356,1311868170.9001,0.0883,-2.3556,1.5852,0.0006649494171142578,0.019734378937693274
1311868170.931374,0.08587318419027327,-2.3727395413836962,1.6026833396643487,1311868170.9301,0.0883,-2.3618,1.5855,0.00127410888671875,0.02051414542895519
1311868170.96344,0.08782577917415095,-2.378762291512292,1.6049076476349016,1311868170.9635,0.0883,-2.3681,1.5859,6.008148193359375e-05,0.02179908287743637
1311868170.999483,0.08539502459946387,-2.38176625736962,1.6023149183894165,1311868171.0001,0.088,-2.3748,1.5862,0.0006167888641357422,0.017748386779500212
1311868171.031493,0.08237345334311487,-2.3879287460687135,1.5983303441561483,1311868171.0301,0.0871,-2.38,1.5858,0.0013928413391113281,0.015563251016203865
1311868171.063438,0.08337859712266162,-2.3944142623800615,1.5984332832477435,1311868171.0634,0.0878,-2.3855,1.5852,3.790855407714844e-05,0.016556952095700656
1311868171.099448,0.08511668028495334,-2.40137924664284,1.5990542756389359,1311868171.1001,0.0886,-2.3918,1.5843,0.0006520748138427734,0.017932766995399464
1311868171.131477,0.0863681123942687,-2.409210041102967,1.599322555007749,1311868171.1301,0.0907,-2.3969,1.5837,0.001377105712890625,0.020355996343966253
1311868171.163447,0.08773995314187263,-2.416913123646037,1.598635778034898,1311868171.1634,0.0917,-2.4031,1.5829,4.696846008300781e-05,0.021309600332781002
1311868171.199444,0.09006205798198764,-2.4220945172063924,1.5987374654405613,1311868171.2002,0.0933,-2.4098,1.5822,0.0007560253143310547,0.020859702419930164
1311868171.231391,0.09055720937872025,-2.428458650152381,1.5966816541586961,1311868171.2301,0.0945,-2.4155,1.5811,0.001291036605834961,0.020646068826201746
1311868171.263404,0.09211521151835461,-2.435006264514939,1.5950261406819648,1311868171.2634,0.0962,-2.4216,1.5798,3.814697265625e-06,0.020694172736576512
1311868171.299368,0.09457247322521213,-2.440426061413266,1.5941713152161956,1311868171.3001,0.098,-2.4286,1.5781,0.0007321834564208984,0.02024576106548105
1311868171.331406,0.09608593761566525,-2.447834053358198,1.5917158339665551,1311868171.3301,0.0999,-2.4347,1.577,0.0013060569763183594,0.020089952683339404
1311868171.363479,0.09878488666675198,-2.4544098567745105,1.5902829056041192,1311868171.3634,0.1031,-2.4406,1.5756,7.891654968261719e-05,0.02061358930877277
1311868171.399409,0.10132734486941253,-2.4620182084859685,1.5895874682108584,1311868171.4002,0.1057,-2.4493,1.5746,0.0007908344268798828,0.020136959635334843
1311868171.431618,0.10535490097125777,-2.4689547919574175,1.5892229943417497,1311868171.4301,0.1079,-2.4552,1.573,0.0015180110931396484,0.021420956474219034
1311868171.463459,0.10721703902523505,-2.4773206276289237,1.586215361276021,1311868171.4634,0.1108,-2.4623,1.5717,5.91278076171875e-05,0.021193220064135706
1311868171.499514,0.1108267537907711,-2.484125635742559,1.5844101306086962,1311868171.5001,0.1148,-2.4706,1.5702,0.0005857944488525391,0.020016426244356046
1311868171.531471,0.1153341259824251,-2.494644672661334,1.5854046312303678,1311868171.5301,0.1174,-2.4779,1.5693,0.0013709068298339844,0.02332404435465368
1311868171.563381,0.12002581388518287,-2.504102067919086,1.5850570523334988,1311868171.5635,0.1218,-2.4857,1.568,0.00011897087097167969,0.025154062780719477
1311868171.59949,0.12374605648967558,-2.513011476343831,1.5827964414737388,1311868171.6001,0.1271,-2.4949,1.5661,0.0006101131439208984,0.024860524336980282
1311868171.631528,0.1283310055078506,-2.5202889193090177,1.5803510842488728,1311868171.6301,0.1306,-2.5015,1.5647,0.0014278888702392578,0.024558669812746264
1311868171.663411,0.13191460832706997,-2.5286614236012337,1.5773568137562783,1311868171.6635,0.1345,-2.5098,1.5623,8.916854858398438e-05,0.02427231325726682
1311868171.699419,0.13660909533418547,-2.5374318114519303,1.5755066450836361,1311868171.7001,0.1396,-2.5182,1.5592,0.0006809234619140625,0.02539123384804799
1311868171.731499,0.14161200827036285,-2.546862831254492,1.5735077859396271,1311868171.7302,0.1431,-2.5254,1.5567,0.0012989044189453125,0.02730144525549144
1311868171.763455,0.1464875995278695,-2.5548361720249955,1.571143486594155,1311868171.7635,0.1489,-2.5341,1.5543,4.506111145019531e-05,0.026823712400329963
1311868171.799464,0.1507390369795783,-2.564661643342197,1.5669976273673596,1311868171.8002,0.1529,-2.5424,1.5505,0.0007359981536865234,0.027792485211349017
1311868171.831419,0.15644409215153127,-2.5740950244003424,1.5650319018375314,1311868171.8301,0.1582,-2.5483,1.5473,0.0013189315795898438,0.0313510261229587
1311868171.863363,0.16142806878494276,-2.5804946268665128,1.5605627184162947,1311868171.8635,0.1628,-2.5564,1.5442,0.00013709068298339844,0.0291577055521568
1311868171.899575,0.1663460188557189,-2.586798540265891,1.5566466603743312,1311868171.9001,0.1685,-2.5638,1.5402,0.0005249977111816406,0.02835604215331052
1311868171.931516,0.17230216596159487,-2.592158334845078,1.5543319868475205,1311868171.9302,0.1731,-2.5707,1.5377,0.0013158321380615234,0.02716099519480855
1311868171.963415,0.17769464659644627,-2.599876244283876,1.5516542900063583,1311868171.9635,0.1777,-2.5768,1.5343,8.511543273925781e-05,0.028873594520475516
1311868171.99958,0.18311382303957374,-2.606588131679176,1.5497638728603231,1311868172.0002,0.1832,-2.5845,1.5316,0.0006201267242431641,0.028597539489108367
1311868172.031533,0.18826006313298677,-2.61229730012485,1.5473523005825776,1311868172.0302,0.1877,-2.5902,1.5287,0.001332998275756836,0.028922528598714647
1311868172.063426,0.19301468476274614,-2.616646844775457,1.5437509969953427,1311868172.0635,0.1924,-2.5966,1.5263,7.390975952148438e-05,0.026585543420067168
1311868172.099529,0.19730080766366026,-2.623714018247357,1.5402771005039946,1311868172.1001,0.1979,-2.6028,1.5231,0.0005710124969482422,0.027070426159021877
1311868172.131546,0.20305485718818403,-2.6298531722984166,1.5387450435138192,1311868172.1301,0.2019,-2.6082,1.5206,0.0014460086822509766,0.02827430228720791
1311868172.163558,0.2078319974610896,-2.6367328292244805,1.5365780046431454,1311868172.1635,0.2066,-2.6146,1.5183,5.793571472167969e-05,0.02873091368124243
1311868172.199781,0.2128617897703553,-2.6415789613957115,1.535118039300232,1311868172.2002,0.2114,-2.62,1.5151,0.0004191398620605469,0.02947049883656453
1311868172.23159,0.21673717244067883,-2.6464042304647704,1.5328419734482748,1311868172.2302,0.2154,-2.6262,1.5132,0.0013899803161621094,0.028210035089527952
1311868172.263475,0.2206422779827608,-2.65215938952971,1.5302411104186813,1311868172.2635,0.218,-2.6311,1.5098,2.5033950805664062e-05,0.029467244788934026
1311868172.299544,0.2244499453276899,-2.6563825452140306,1.5269894053473974,1311868172.3002,0.2228,-2.6365,1.5067,0.0006558895111083984,0.028455190969721898
1311868172.331546,0.22755765896335742,-2.661356186947614,1.5228076689263514,1311868172.3301,0.2264,-2.6407,1.5038,0.0014460086822509766,0.028094656280225404
1311868172.363479,0.2321565594066574,-2.664893596286549,1.5201683394315473,1311868172.3635,0.2306,-2.6448,1.5005,2.1219253540039062e-05,0.028160594185986838
1311868172.399483,0.23686662951685333,-2.670003663726875,1.5181859614503106,1311868172.4002,0.2357,-2.649,1.4965,0.0007169246673583984,0.030212511289292105
1311868172.431393,0.2419506129917496,-2.673816327233491,1.515548840850396,1311868172.4302,0.2397,-2.6527,1.4936,0.0011928081512451172,0.03054040191854922
1311868172.463477,0.24625765017739254,-2.6764172918842997,1.5116852157348295,1311868172.4635,0.2442,-2.6564,1.4894,2.3126602172851562e-05,0.030025934439774873
1311868172.499467,0.250970666618969,-2.6782996561165677,1.5079648423532668,1311868172.5002,0.2492,-2.6602,1.4851,0.0007331371307373047,0.029215301258985377
1311868172.531606,0.2562090517808373,-2.681253804303846,1.504334537752101,1311868172.5302,0.2536,-2.6637,1.4817,0.001405954360961914,0.028762223418645812
1311868172.563601,0.2616243455632069,-2.6835898293688976,1.4998103996058414,1311868172.5635,0.2581,-2.6672,1.4776,0.0001010894775390625,0.027827133683540575
1311868172.59959,0.26650620966963146,-2.6859395725503026,1.4950706000728629,1311868172.6002,0.2645,-2.6704,1.473,0.0006098747253417969,0.027066853896618528
1311868172.631587,0.2724315735771068,-2.6894506511647704,1.4912555754117487,1311868172.6302,0.2694,-2.6732,1.4692,0.0013871192932128906,0.02756306420512417
1311868172.663612,0.2783714771658206,-2.693177929445969,1.487769444620569,1311868172.6635,0.2757,-2.6756,1.4643,0.00011181831359863281,0.029443763765064294
1311868172.699619,0.2848527850526591,-2.6960914781618164,1.4823655395448367,1311868172.7002,0.2833,-2.6787,1.459,0.0005810260772705078,0.02916887197500138
1311868172.731555,0.29166916533665405,-2.6983262754176818,1.4774047529046277,1311868172.7302,0.2895,-2.6806,1.4546,0.0013549327850341797,0.02896520107788616
1311868172.763469,0.3004342022558889,-2.6994334736706533,1.4725603114575287,1311868172.7635,0.2974,-2.6827,1.4501,3.0994415283203125e-05,0.028172346639662213
1311868172.799623,0.30874758984926454,-2.6987895846785,1.4667970781546045,1311868172.7936,0.3052,-2.684,1.4454,0.006022930145263672,0.02625170779692954
1311868172.831632,0.317247462465207,-2.6971636704718995,1.461582327634518,1311868172.8302,0.3131,-2.6852,1.4407,0.0014319419860839844,0.02442135261396975
1311868172.863483,0.32560998588227313,-2.695379485858105,1.4559155374112875,1311868172.8635,0.3222,-2.687,1.4373,1.71661376953125e-05,0.020697391624901168
1311868172.899539,0.33334421869358477,-2.692473064457579,1.4499491640044417,1311868172.8936,0.3277,-2.6864,1.4336,0.005939006805419922,0.01833124328055944
1311868172.931607,0.3422040634065572,-2.6919639651812393,1.4474572124137655,1311868172.9302,0.3375,-2.6858,1.4298,0.0014069080352783203,0.0192847045482495
1311868172.963571,0.35214277825144275,-2.689661794559958,1.4444673882476058,1311868172.9635,0.3466,-2.6858,1.4275,7.104873657226562e-05,0.018262752035577184
1311868172.999602,0.3605463582801316,-2.6877476401498845,1.4432886433205923,1311868172.9902,0.3531,-2.6848,1.4261,0.009402036666870117,0.018962760698058665
1311868173.031458,0.36886028633387086,-2.6878821660808185,1.4426092174660443,1311868173.0309,0.3632,-2.6832,1.4244,0.0005578994750976562,0.01963509921837584
1311868173.067546,0.376893572824805,-2.686778883411567,1.441398878051908,1311868173.0668,0.3739,-2.6831,1.4239,0.0007457733154296875,0.018130261842810306
1311868173.099605,0.3853359242661628,-2.684584687942653,1.4400093848298279,1311868173.1002,0.3816,-2.6815,1.4235,0.0005948543548583984,0.01720558680444825
1311868173.131499,0.39196092495317725,-2.683043978010389,1.4377226200975841,1311868173.1302,0.3899,-2.6814,1.424,0.001299142837524414,0.013973559950989332
1311868173.167457,0.40110802185317435,-2.679458180323692,1.4375577909096187,1311868173.1702,0.3982,-2.6794,1.4243,0.0027430057525634766,0.013573098240702979
1311868173.199628,0.4094139108101876,-2.675200378749137,1.4381058966433486,1311868173.2068,0.4068,-2.6791,1.4262,0.0071718692779541016,0.012798044792307115
1311868173.231487,0.4162384817029736,-2.6752449715408715,1.44094432815422,1311868173.2235,0.4107,-2.6802,1.4275,0.007987022399902344,0.015361544392518016
1311868173.267665,0.4243223742553503,-2.6757511494976836,1.444555792866854,1311868173.2668,0.4203,-2.6785,1.4293,0.0008649826049804688,0.01601483342812354
1311868173.299659,0.43053713288248613,-2.675904403440168,1.4450368400231892,1311868173.3002,0.4274,-2.6783,1.4309,0.0005409717559814453,0.014677558769805626
1311868173.331533,0.4363718053358727,-2.6755201494923595,1.44374938046628,1311868173.3302,0.4337,-2.6785,1.432,0.001332998275756836,0.012412332340945723
1311868173.36765,0.4417274481129541,-2.6739157956437647,1.4431948057917632,1311868173.3835,0.4441,-2.6789,1.4335,0.015850067138671875,0.011156189083259818
1311868173.399596,0.44830502084745505,-2.6733703838611023,1.4446862043082038,1311868173.3936,0.4462,-2.6791,1.4341,0.005995988845825195,0.012219956445191324
1311868173.431624,0.4554645993661357,-2.674998198876636,1.4469937916803224,1311868173.4435,0.4565,-2.6801,1.4355,0.011876106262207031,0.012617752429240786
1311868173.467604,0.46185003410466957,-2.675198905939942,1.4475713816718792,1311868173.4669,0.4616,-2.6809,1.436,0.0007038116455078125,0.012902010088797218
1311868173.499703,0.46800195543698253,-2.6760124342779035,1.4470976921326082,1311868173.4936,0.4672,-2.6816,1.4365,0.006103038787841797,0.012007293690053433
1311868173.531628,0.4729009103951365,-2.677143305435059,1.4450505534244997,1311868173.5335,0.4745,-2.682,1.4356,0.0018720626831054688,0.010745116550825887
1311868173.567616,0.4793265103356112,-2.6783634075605054,1.4447205459740573,1311868173.5735,0.4841,-2.6839,1.4355,0.005883932113647461,0.011766840165345972
1311868173.599612,0.48700575699100834,-2.679512190540032,1.4444909627344886,1311868173.5936,0.4881,-2.6839,1.4351,0.006011962890625,0.0104230715578597
1311868173.667986,0.500707799604107,-2.6796352713633107,1.442533214739842,1311868173.6535,0.5007,-2.6852,1.4341,0.014485836029052734,0.010103730819954757
1311868173.69967,0.5071337716805022,-2.6793737579747243,1.4411087005428842,1311868173.7002,0.5111,-2.6873,1.4346,0.0005300045013427734,0.010996338594394618
1311868173.731607,0.513764560376593,-2.6790671610084744,1.4405255743010363,1311868173.7336,0.5187,-2.6892,1.4356,0.001992940902709961,0.012300173677615604
1311868173.767623,0.521405414480813,-2.6803020932774446,1.4420181581774287,1311868173.7736,0.5274,-2.6909,1.4372,0.005977153778076172,0.013094477105618046
1311868173.799549,0.5298600441932171,-2.680169116940379,1.4447049358782758,1311868173.8136,0.537,-2.6925,1.4395,0.014050960540771484,0.015169739729139134
1311868173.83162,0.5363635942684242,-2.6808857797913945,1.445392472340092,1311868173.8369,0.542,-2.6944,1.4415,0.005280017852783203,0.015151057993948806
1311868173.867507,0.5428979919169369,-2.682813450921996,1.4471917025892227,1311868173.8669,0.5489,-2.696,1.4437,0.0006070137023925781,0.014903058900351662
1311868173.899575,0.5500699812656256,-2.684919484552045,1.450263444019454,1311868173.9003,0.5556,-2.6968,1.4454,0.0007250308990478516,0.013977869731900995
1311868173.967631,0.5645133047314456,-2.689826114996796,1.4556051444847884,1311868173.9835,0.5757,-2.7043,1.4518,0.0158689022064209,0.01868460924578251
1311868173.999745,0.57121517357377,-2.6933923339891392,1.4570584266732032,1311868174.0072,0.581,-2.7063,1.4537,0.007455110549926758,0.01654175624771033
1311868174.167874,0.6160845626149899,-2.7154529817946393,1.4708543744013682,1311868174.1736,0.6274,-2.7241,1.4632,0.005725860595703125,0.01616785373926428
1311868174.467566,0.676030913152675,-2.7469963846061964,1.4744402141542572,1311868174.4802,0.6958,-2.7541,1.4691,0.012634038925170898,0.02167477874520267
1311868174.499672,0.6804872271777882,-2.7485969140535347,1.4735875897812243,1311868174.5036,0.699,-2.7558,1.4691,0.003927946090698242,0.020365305466983143
1311868174.531708,0.6859314198032461,-2.751510449991255,1.4747673644836914,1311868174.5302,0.7039,-2.7574,1.4692,0.0015079975128173828,0.019711728003575707
1311868174.567585,0.6909396612530335,-2.7531377853980303,1.4751638881666087,1311868174.5669,0.7096,-2.7592,1.469,0.0006849765777587891,0.02056580184097691
1311868174.599662,0.6964002342995391,-2.754284648913544,1.476010964882857,1311868174.6002,0.7152,-2.7599,1.4692,0.000537872314453125,0.020769029848596604
1311868174.631772,0.7020804666888661,-2.7550290327497806,1.477291441282528,1311868174.6302,0.7205,-2.76,1.4696,0.0015721321105957031,0.020570561290477657
1311868174.6678,0.7076929878950801,-2.753647705880458,1.4782433136685627,1311868174.6669,0.727,-2.7597,1.4707,0.0009000301361083984,0.021593808409618085
1311868174.699578,0.7126168401106961,-2.7517539730806266,1.4787811132899866,1311868174.7002,0.733,-2.7588,1.4722,0.0006220340728759766,0.02254840913583699
1311868174.731625,0.7183224868297657,-2.7482145114355836,1.4817816996549225,1311868174.7303,0.7377,-2.7578,1.474,0.0013251304626464844,0.02297660673817137
1311868174.76768,0.723686894347242,-2.746046288142842,1.4846157622470586,1311868174.7669,0.7436,-2.7561,1.4767,0.0007798671722412109,0.023669985018935434
1311868174.79981,0.7284970984118021,-2.744843012193729,1.4869244180483594,1311868174.8002,0.7491,-2.7546,1.4797,0.00039005279541015625,0.023913815693906864
1311868174.831815,0.7331732779381291,-2.7421781612532814,1.4891892920813152,1311868174.8302,0.7539,-2.7528,1.4821,0.0016150474548339844,0.02434498979267684
1311868174.867798,0.7385655852827246,-2.7401382026599617,1.4928290673967104,1311868174.867,0.7594,-2.7497,1.4855,0.0007979869842529297,0.024066907443394167
1311868174.899678,0.744374248521642,-2.7385669483836805,1.4973651011615254,1311868174.9003,0.7641,-2.7469,1.4885,0.0006220340728759766,0.023176173955816545
1311868174.931819,0.7502386381016335,-2.7356688629721355,1.5012586329397348,1311868174.9302,0.7692,-2.7435,1.4907,0.0016188621520996094,0.02307259590393051
1311868174.967694,0.7541647589002727,-2.731684579866147,1.5028321126727822,1311868174.9669,0.7746,-2.7392,1.4939,0.0007939338684082031,0.02353429955175165
1311868175.099631,0.7702214451986683,-2.7108022301624173,1.5139171726819316,1311868175.1003,0.7935,-2.7199,1.5078,0.0006690025329589844,0.02573092169505013
1311868175.167807,0.7798430253759244,-2.691924230784405,1.5260998600572908,1311868175.1736,0.8042,-2.71,1.5183,0.005792856216430664,0.03131826084709414
1311868175.199578,0.7866270925959704,-2.6834179322826537,1.535672844765032,1311868175.1936,0.8069,-2.707,1.5215,0.005978107452392578,0.03417563783123222
1311868175.231818,0.7918066227039728,-2.679641641740956,1.5397681729671988,1311868175.2336,0.8134,-2.7008,1.5276,0.0017819404602050781,0.032588563954649846
1311868175.26775,0.7951848001921894,-2.6751441536217486,1.5414166417422093,1311868175.2569,0.8174,-2.6975,1.5311,0.010849952697753906,0.03316220840996587
1311868175.299978,0.7973557166654582,-2.6714886454103106,1.5401086246175153,1311868175.3036,0.8254,-2.6902,1.5363,0.0036220550537109375,0.03392789766263582
1311868175.331887,0.800629193706718,-2.6682638999235024,1.538178188346238,1311868175.3136,0.8271,-2.6884,1.5371,0.018286943435668945,0.033276547330171546
1311868175.400048,0.8162039421635634,-2.657929250586209,1.544590213914656,1311868175.4003,0.8431,-2.6742,1.542,0.00025200843811035156,0.031541154413733785
1311868175.431994,0.8249597309463297,-2.6535138289998295,1.5475944760056763,1311868175.427,0.8471,-2.6699,1.5431,0.004993915557861328,0.02790875182413836
1311868175.467702,0.833896075925729,-2.6482713709955457,1.5512528802303522,1311868175.4536,0.8532,-2.6669,1.5436,0.014101982116699219,0.027896843532395053
1311868175.49977,0.8406671579680983,-2.6451098586149806,1.5518468211678955,1311868175.4969,0.8622,-2.6625,1.5453,0.002869844436645508,0.028441891124997364
1311868175.531778,0.8458289268644783,-2.6422793885474047,1.55057101584775,1311868175.5236,0.8685,-2.6579,1.5463,0.008177995681762695,0.02786077234465803
1311868175.5678,0.8498559615960806,-2.639353028507123,1.5491420459959238,1311868175.5736,0.8778,-2.6535,1.5475,0.005800008773803711,0.03136403034995231
1311868175.631778,0.8665553854397314,-2.633642498765493,1.5530875592276479,1311868175.6303,0.8899,-2.6492,1.5493,0.001477956771850586,0.028308169819543864
1311868175.667696,0.8764912533675264,-2.6322732201031656,1.5565683968896578,1311868175.6803,0.9,-2.6456,1.5515,0.012603998184204102,0.027494597245269835
1311868175.699784,0.884447090046542,-2.6305946264844375,1.558963458965427,1311868175.687,0.9018,-2.6456,1.5518,0.012784004211425781,0.024033307357576125
1311868175.731708,0.8899297367160793,-2.6299395782588753,1.5589957653521316,1311868175.7303,0.9111,-2.6435,1.5542,0.0014081001281738281,0.025594226900228757
1311868175.767584,0.8964093028800977,-2.6282247525652216,1.5608959938093678,1311868175.7803,0.9236,-2.6422,1.5565,0.012715816497802734,0.0308863450783925
1311868175.799815,0.9035597713869106,-2.628185399498291,1.5628043571301125,1311868175.8003,0.9278,-2.6418,1.5576,0.0004849433898925781,0.028284825669848468
1311868175.831761,0.9116448479418645,-2.6287039400584478,1.563506892216306,1311868175.8305,0.9356,-2.6417,1.5589,0.001260995864868164,0.027640013386854147
1311868175.867687,0.9209229601980509,-2.629011450331261,1.566328227591211,1311868175.8503,0.9406,-2.642,1.56,0.017386913299560547,0.024411775484608895
1311868175.899663,0.9309214085925586,-2.6306302793578507,1.5684305201373097,1311868175.9003,0.9544,-2.6428,1.5624,0.000637054443359375,0.027124039671701423
1311868175.931644,0.9402818320131435,-2.6332910171056283,1.5693024348238709,1311868175.9237,0.961,-2.6437,1.5633,0.007943868637084961,0.023950336812699386
1311868175.967871,0.948881967708656,-2.634925916380182,1.5713409802377358,1311868175.967,0.9736,-2.6454,1.5652,0.0008709430694580078,0.02753904839153182
1311868175.99987,0.9573775665517598,-2.6381843660829043,1.5718799440918243,1311868176.0003,0.983,-2.6466,1.5669,0.0004298686981201172,0.02742502202722478
1311868176.032043,0.9675316401569591,-2.6412716332966406,1.5730853147071984,1311868176.027,0.9902,-2.6494,1.5679,0.00504302978515625,0.024633561899379357
1311868176.067949,0.9782825108342861,-2.644818922041233,1.5749901832632496,1311868176.067,1.0027,-2.6518,1.5689,0.0009491443634033203,0.026115887095867586
1311868176.099801,0.9889449231797182,-2.6485723633149765,1.5763159467183794,1311868176.1003,1.0124,-2.6546,1.5696,0.0004990100860595703,0.02513119521582827
1311868176.131691,0.9998961493780971,-2.6510691931760264,1.5782014750181317,1311868176.1303,1.0212,-2.657,1.5699,0.0013909339904785156,0.02362081726740867
1311868176.167963,1.0111261588744467,-2.65523136847216,1.5785516561464545,1311868176.1669,1.0332,-2.6596,1.5705,0.0010631084442138672,0.023899133251290575
1311868176.199892,1.0235077369331385,-2.660076021291543,1.5788944490044732,1311868176.2003,1.0438,-2.6626,1.5705,0.00040793418884277344,0.022104596422105525
1311868176.231937,1.0344421023812116,-2.66498505794151,1.5775997932626091,1311868176.2305,1.0536,-2.6648,1.5704,0.0014369487762451172,0.020466956555335956
1311868176.267779,1.0468305933553501,-2.6684397313178914,1.57715009521852,1311868176.2704,1.0674,-2.6673,1.5693,0.0026209354400634766,0.02204594003733516
1311868176.299834,1.0597767065148813,-2.671533508014924,1.5768055152359426,1311868176.3003,1.0775,-2.6712,1.568,0.0004658699035644531,0.01979301538740577
1311868176.331871,1.0732541438989618,-2.6755809041103342,1.5750991902169855,1311868176.3303,1.0879,-2.6742,1.5662,0.0015709400177001953,0.017193126057013286
1311868176.367752,1.0853855607136602,-2.6791777239424053,1.573043804955266,1311868176.367,1.1003,-2.6773,1.5635,0.0007519721984863281,0.017805913609078346
1311868176.399921,1.0963671448989876,-2.6829675273913,1.569221816048518,1311868176.3937,1.1091,-2.6797,1.5612,0.00622105598449707,0.015399735939052249
1311868176.431678,1.1070313866588595,-2.6868184828831954,1.564897376039851,1311868176.427,1.1202,-2.6825,1.5579,0.004678010940551758,0.015524978041337035
1311868176.467865,1.118473625544453,-2.688528872508094,1.5616436172149266,1311868176.4671,1.1338,-2.6853,1.5537,0.0007650852203369141,0.017562016572206234
1311868176.49976,1.129280111403871,-2.689622152549012,1.560680547155187,1311868176.5003,1.1428,-2.6874,1.5502,0.0005400180816650391,0.017250136761049677
1311868176.531915,1.1379433310074114,-2.692086056521153,1.556864215601352,1311868176.5304,1.152,-2.6902,1.5464,0.0015149116516113281,0.01762517973014061
1311868176.567758,1.1466681724798828,-2.69337800227637,1.5546759645613637,1311868176.567,1.1617,-2.6931,1.5428,0.0007581710815429688,0.01915911423116906
1311868176.602124,1.1540095576818927,-2.6946724488751452,1.552645978494696,1311868176.6004,1.169,-2.6947,1.5399,0.0017240047454833984,0.019676739764103064
1311868176.631719,1.1611333599982263,-2.6973892804700905,1.5481778266473365,1311868176.6304,1.1763,-2.6956,1.5373,0.0013191699981689453,0.018749816162126683
1311868176.667782,1.1683090139916426,-2.696703387202475,1.5483104190625123,1311868176.667,1.184,-2.6975,1.5345,0.000782012939453125,0.020918157388877544
1311868176.699787,1.1753354420938935,-2.698074938273582,1.5459599947564606,1311868176.7004,1.1911,-2.6982,1.5329,0.0006132125854492188,0.02047194151635798
1311868176.731819,1.1833224512349605,-2.697272778472943,1.5461584496333192,1311868176.7304,1.1961,-2.6984,1.5317,0.0014188289642333984,0.01932829911330139
1311868176.767814,1.1900175701698763,-2.6955175824719664,1.54830549556327,1311868176.767,1.2029,-2.6989,1.5311,0.0008139610290527344,0.021758373657967178
1311868176.79972,1.195554954387059,-2.697209780620678,1.546842532426721,1311868176.8004,1.2093,-2.6993,1.5306,0.0006799697875976562,0.021380251532398052
1311868176.831887,1.2011348112308653,-2.697603078963217,1.5460709652735374,1311868176.8304,1.2142,-2.6989,1.5301,0.0014870166778564453,0.02067493394227197
1311868176.86779,1.2067678534074096,-2.6981639511723494,1.5441794296696814,1311868176.867,1.2211,-2.6986,1.5299,0.0007898807525634766,0.0202361724696884
1311868176.899837,1.2144456284795235,-2.69671031329708,1.5444253543555733,1311868176.9004,1.2266,-2.6961,1.5288,0.0005629062652587891,0.019805376242717398
1311868176.931762,1.2208873107782192,-2.6950555874507995,1.5440798015770303,1311868176.9337,1.2322,-2.6958,1.5278,0.0019381046295166016,0.019838422993259268
1311868176.967856,1.2255737393743813,-2.6924137662155734,1.5435872744834689,1311868176.967,1.2385,-2.6936,1.5269,0.0008559226989746094,0.021141440207312463
1311868176.999907,1.2304508313130762,-2.691263836289449,1.541891626517225,1311868177.0004,1.2439,-2.6913,1.5261,0.0004930496215820312,0.020742635180777118
1311868177.031966,1.2354408966579935,-2.689666794656925,1.5404548370362545,1311868177.0304,1.2492,-2.6896,1.5257,0.0015659332275390625,0.020174801170485843
1311868177.067892,1.2406256533250941,-2.686532484534637,1.5385075199511264,1311868177.067,1.2553,-2.6862,1.5242,0.0008921623229980469,0.020497612628132527
1311868177.09973,1.2487119614451145,-2.6816363256511586,1.5389272686281277,1311868177.1004,1.2618,-2.6823,1.5232,0.0006699562072753906,0.020471545993323636
1311868177.131895,1.2577547585392732,-2.6761541321439513,1.5399614332296585,1311868177.1304,1.2682,-2.6782,1.5225,0.0014951229095458984,0.020449701584402704
1311868177.168091,1.2649181151324302,-2.6703975938794824,1.5407482906555834,1311868177.1671,1.2746,-2.6726,1.5224,0.0009911060333251953,0.02086262824503036
1311868177.199869,1.2712514371425516,-2.664815045640349,1.5409127358813863,1311868177.2004,1.2818,-2.6665,1.5218,0.0005311965942382812,0.02189538587061845
1311868177.231903,1.277244745832488,-2.6599299236029386,1.5399451872697019,1311868177.2304,1.2872,-2.6629,1.5218,0.00150299072265625,0.020908760374462498
1311868177.267807,1.2821909681442738,-2.6548676560006967,1.538957510678041,1311868177.2671,1.2954,-2.6578,1.522,0.0007069110870361328,0.021694108239144538
1311868177.299871,1.2872509631205196,-2.6495274131279922,1.5372142381336318,1311868177.3004,1.3013,-2.6518,1.5213,0.0005290508270263672,0.02134954481261271
1311868177.33173,1.2941292226635734,-2.6427857503557406,1.5383444389039176,1311868177.3304,1.3083,-2.6471,1.5216,0.0013298988342285156,0.02235620527993515
1311868177.3679,1.3031836278399669,-2.6365784528787612,1.5405033461934579,1311868177.3671,1.3152,-2.641,1.5219,0.0007998943328857422,0.022583794376220167
1311868177.399987,1.3124757232368698,-2.630403283489495,1.5432571692127681,1311868177.4004,1.3221,-2.6367,1.5215,0.00041294097900390625,0.02460995234005985
1311868177.431827,1.3197381399580181,-2.626956212619072,1.5424119912959853,1311868177.4304,1.3282,-2.6328,1.5215,0.0014271736145019531,0.023303740178068945
1311868177.467848,1.326302252524302,-2.624508695992027,1.540478414093972,1311868177.4671,1.3355,-2.6285,1.5202,0.0007481575012207031,0.02262174052714266
1311868177.499762,1.3304932483420013,-2.622959526361794,1.5359872423528143,1311868177.5005,1.3424,-2.6252,1.5182,0.0007379055023193359,0.0215215345104967
1311868177.531751,1.3347884007507511,-2.6216386944562298,1.5299299320519841,1311868177.5304,1.3485,-2.6214,1.5161,0.0013508796691894531,0.019476446020204412
1311868177.567851,1.3417311922002086,-2.6169656650350435,1.5275414096910627,1311868177.5671,1.3561,-2.618,1.5128,0.0007510185241699219,0.020611687123737284
1311868177.599732,1.3497713281439958,-2.612791519696013,1.5267808378673742,1311868177.6004,1.3626,-2.6152,1.51,0.0006680488586425781,0.021259635897513108
1311868177.632083,1.35756490665833,-2.608595451214118,1.5261090548629859,1311868177.6306,1.3688,-2.6129,1.5073,0.0014829635620117188,0.022327942302972876
1311868177.667866,1.3647721783666968,-2.6060136088241053,1.5236724533726977,1311868177.6671,1.377,-2.6105,1.5042,0.0007660388946533203,0.023426988027292622
1311868177.699913,1.3705131505127985,-2.6031818001292315,1.5222353773939592,1311868177.6937,1.3812,-2.6095,1.5018,0.006212949752807617,0.023910939981577815
1311868177.731996,1.3744346162907553,-2.6025498480950566,1.5175764824640858,1311868177.7304,1.3899,-2.6072,1.4995,0.0015959739685058594,0.024239662214800374
1311868177.767937,1.379594706910816,-2.600612094324119,1.515646332931039,1311868177.7705,1.3985,-2.6061,1.4964,0.002562999725341797,0.02753086534760055
1311868177.799899,1.3841191894937848,-2.598614152162391,1.514947403515888,1311868177.8004,1.4049,-2.606,1.4947,0.0005009174346923828,0.029939107914410835
1311868177.832005,1.3909642783635843,-2.599950055783152,1.5125347545847296,1311868177.8304,1.4106,-2.6067,1.4929,0.0016050338745117188,0.028577034463287687
1311868177.86781,1.3997879214933504,-2.600126043544927,1.512456733235292,1311868177.8671,1.4189,-2.6062,1.491,0.0007100105285644531,0.02936930188126611
1311868177.899856,1.4085527019555157,-2.6021442595478415,1.510841279270434,1311868177.9004,1.4261,-2.6077,1.4889,0.0005438327789306641,0.028639023318836998
1311868177.931937,1.415816680138425,-2.6041836188847034,1.5091871421044223,1311868177.9337,1.4346,-2.6093,1.4869,0.0017631053924560547,0.029592349753304673
1311868177.967919,1.4235368923286833,-2.6058487760739673,1.5076024036117492,1311868177.9671,1.4424,-2.6104,1.4848,0.0008192062377929688,0.02994127720585236
1311868178.000124,1.4308820403368239,-2.60836965205273,1.5063619279772555,1311868178.0004,1.4506,-2.6121,1.4829,0.0002760887145996094,0.030873540346002707
1311868178.031988,1.4374033169874267,-2.6121313461455777,1.5032123580573147,1311868178.0304,1.4582,-2.6141,1.4811,0.0015878677368164062,0.030419303101466157
1311868178.068015,1.4454146493656268,-2.6155592338507914,1.5011839980168211,1311868178.0671,1.4677,-2.6167,1.4789,0.0009150505065917969,0.03153592820764629
1311868178.100039,1.4536740478355938,-2.6184781841159213,1.5003940344517672,1311868178.1004,1.4761,-2.6194,1.4769,0.0003609657287597656,0.0324921949062416
1311868178.131987,1.463397470305492,-2.6206574119014445,1.500666440390503,1311868178.1304,1.4832,-2.6226,1.4753,0.0015871524810791016,0.032239263777379665
1311868178.167955,1.4733132978503023,-2.6241691205915254,1.500984328480661,1311868178.1671,1.4927,-2.6256,1.4738,0.0008549690246582031,0.033419744928218156
1311868178.199855,1.4835926546439644,-2.627684722538319,1.5012108459724618,1311868178.2004,1.5013,-2.629,1.4723,0.0005450248718261719,0.03392811591000212
1311868178.231966,1.4940391600378877,-2.6307150459409843,1.501706394972042,1311868178.2304,1.509,-2.632,1.471,0.0015659332275390625,0.03418128920161952
1311868178.267968,1.5021435928938842,-2.634980178044829,1.5010897726406058,1311868178.2673,1.5186,-2.6353,1.4698,0.0006680488586425781,0.035354851050825135
1311868178.299815,1.5075635702923578,-2.639989702731927,1.4990455558214306,1311868178.3004,1.5261,-2.6387,1.4683,0.0005850791931152344,0.03592425033611434
1311868178.33218,1.512005762752275,-2.6446571836889636,1.4962336605280493,1311868178.3338,1.5333,-2.642,1.4666,0.0016200542449951172,0.03658768920567372
1311868178.367989,1.5171755410235892,-2.6502616709319007,1.4927479694012584,1311868178.3671,1.5401,-2.6451,1.4645,0.0008890628814697266,0.0367439987135969
1311868178.400074,1.5230037355202637,-2.653664474098536,1.491166613238893,1311868178.4004,1.5457,-2.6485,1.4622,0.00032591819763183594,0.037159882892444755
1311868178.432167,1.5281489101788412,-2.655755554860725,1.4911255712181875,1311868178.4338,1.5516,-2.6529,1.4599,0.0016329288482666016,0.03915538411591399
1311868178.467895,1.532999955737536,-2.6612486585376884,1.4889283381590346,1311868178.4671,1.5565,-2.6563,1.4578,0.0007951259613037109,0.0393155788232046
1311868178.500102,1.5383563607772177,-2.664858258516941,1.4880559461175633,1311868178.5004,1.5609,-2.6597,1.4558,0.0002980232238769531,0.039689663141348384
1311868178.531933,1.5426923343454273,-2.6686377167049593,1.4885963932231248,1311868178.5305,1.5647,-2.6639,1.4543,0.0014331340789794922,0.04102469860041768
1311868178.567928,1.5462159282057177,-2.674406796413566,1.487482813781199,1311868178.5671,1.5692,-2.6708,1.453,0.0008280277252197266,0.04159736749942813
1311868178.600064,1.5494215253015233,-2.6802742798663517,1.487101893001962,1311868178.5938,1.5713,-2.6736,1.4521,0.0062639713287353516,0.04181322973159409
1311868178.63203,1.5507441713035541,-2.68615854222719,1.486708829048052,1311868178.6305,1.5733,-2.6797,1.451,0.0015299320220947266,0.04272702479540081
1311868178.668047,1.5511420898975679,-2.6939645896408826,1.4852910247609175,1311868178.6671,1.5754,-2.6867,1.4502,0.0009469985961914062,0.04327355409438216
1311868178.699917,1.5526388679685996,-2.701052348421471,1.4848108127910478,1311868178.7004,1.5768,-2.6933,1.4492,0.0004830360412597656,0.04372629866254055
1311868178.731905,1.5548170700714827,-2.707682245343098,1.485341474886289,1311868178.7305,1.5778,-2.6987,1.4484,0.0014050006866455078,0.044424862028790466
1311868178.767938,1.5548980769862764,-2.7152383739501773,1.4851738899987674,1311868178.7671,1.5788,-2.707,1.4478,0.0008378028869628906,0.04512183931021544
1311868178.799974,1.5555186374565932,-2.724438747756934,1.4847123460273057,1311868178.7938,1.5798,-2.7139,1.4476,0.006173849105834961,0.04558482202333481
1311868178.867919,1.5560369981418984,-2.7443661751430075,1.482436635853521,1311868178.8671,1.5806,-2.7327,1.4465,0.0008189678192138672,0.0450653137037457
1311868178.900038,1.5565080337280228,-2.752732603764673,1.4831430430663293,1311868178.9005,1.5811,-2.7426,1.4462,0.0004620552062988281,0.045521675004052624
1311868178.932267,1.5562243561388829,-2.7623061921708687,1.4834586625659294,1311868178.9338,1.5811,-2.7525,1.4464,0.0015330314636230469,0.0456979598403754
1311868178.967934,1.5576206940475281,-2.7736212859242175,1.4845544462869456,1311868178.9671,1.5816,-2.7631,1.4466,0.0008339881896972656,0.046111219506862
1311868179.000009,1.5589364356505098,-2.7851968635577395,1.4855916762998365,1311868179.0005,1.5819,-2.7738,1.447,0.0004909038543701172,0.0463306730602769
1311868179.032182,1.558080774179694,-2.7981808462027455,1.4850799925959515,1311868179.0338,1.5826,-2.785,1.4472,0.0016179084777832031,0.04700873302394909
1311868179.067847,1.5562380742548905,-2.811092052831782,1.4838285760006562,1311868179.0672,1.5824,-2.7967,1.447,0.0006470680236816406,0.04741225109232357
1311868179.100093,1.5538548809051227,-2.8225218140091766,1.483379794360754,1311868179.1005,1.5825,-2.8081,1.4468,0.00040721893310546875,0.048647846023745334
1311868179.132026,1.553487310689825,-2.833313247979811,1.483538164476769,1311868179.1305,1.5824,-2.8183,1.4464,0.00152587890625,0.04940227199991468
1311868179.167985,1.5560753593392551,-2.8422814798694054,1.486127270484451,1311868179.1671,1.5826,-2.8312,1.4461,0.000885009765625,0.04928020029091896
1311868179.200163,1.5581887878118403,-2.856000585629844,1.4866342366118144,1311868179.1972,1.5827,-2.8416,1.4458,0.002962827682495117,0.04975551496151052
1311868179.232011,1.5587804779336227,-2.872598312088716,1.4856981184599913,1311868179.2304,1.5836,-2.8525,1.4449,0.0016109943389892578,0.05181155560581343
1311868179.268108,1.5589625399892069,-2.8869934500080072,1.483561397432246,1311868179.2805,1.5854,-2.8687,1.4434,0.012392044067382812,0.05144441124873087
1311868179.300467,1.557348291051223,-2.897018611530915,1.4822942462362658,1311868179.3004,1.5862,-2.8749,1.4428,6.699562072753906e-05,0.053679135342246886
1311868179.33305,1.555753764707292,-2.906445254058468,1.4813081430168862,1311868179.3338,1.5877,-2.8849,1.4419,0.0007500648498535156,0.05511589296981722
1311868179.368133,1.5566914521066202,-2.9146549407140196,1.481653401385914,1311868179.3638,1.5896,-2.8938,1.441,0.004333019256591797,0.05630808219856506
1311868179.400093,1.5599729327454366,-2.9245453068670293,1.4821331112647178,1311868179.4005,1.5922,-2.9044,1.4399,0.0004069805145263672,0.05681595673483795
1311868179.432203,1.5660227658324812,-2.9332319472538173,1.4830931097017468,1311868179.4438,1.5962,-2.9161,1.4386,0.011596918106079102,0.056425223877628564
1311868179.467999,1.5701224967131528,-2.9424999191895624,1.483108637884453,1311868179.4672,1.5976,-2.9222,1.4378,0.0007989406585693359,0.056744802166594395
1311868179.50008,1.5718193805290095,-2.9506280482872485,1.4824413418610631,1311868179.5005,1.6004,-2.9301,1.4368,0.00041985511779785156,0.05763145549704257
1311868179.532184,1.5723931591580593,-2.9608117209933815,1.480559223183096,1311868179.5338,1.6048,-2.9391,1.436,0.0016160011291503906,0.05922099739560528
1311868179.567958,1.5737954868944035,-2.969553882470615,1.4790208360046329,1311868179.5671,1.6082,-2.9465,1.434,0.0008580684661865234,0.06117211532682319
1311868179.600201,1.5773320944459681,-2.976902659586075,1.478422776306329,1311868179.6005,1.6119,-2.9541,1.4325,0.00029921531677246094,0.06183690453339342
1311868179.632001,1.582262122938741,-2.983845284993811,1.4783390408405792,1311868179.6272,1.6151,-2.9603,1.4312,0.004801034927368164,0.06208700175318435
1311868179.668182,1.587210989659403,-2.9906081892821645,1.4781325736676214,1311868179.6671,1.6206,-2.9697,1.4299,0.0010819435119628906,0.0622764767242483
1311868179.700151,1.5912465694006186,-2.998954786592194,1.4778043651724444,1311868179.7005,1.6258,-2.9774,1.429,0.0003490447998046875,0.06356425450759721
1311868179.732177,1.594789691176515,-3.0060607324333195,1.4775226021232042,1311868179.7338,1.6315,-2.9846,1.4283,0.001622915267944336,0.06504670914250353
1311868179.768285,1.5985324179173195,-3.013215486086498,1.4772183250119377,1311868179.7638,1.6366,-2.9912,1.4278,0.004485130310058594,0.06615129084327771
1311868179.800056,1.6023014385215173,-3.019776158582675,1.4775423472228386,1311868179.7939,1.6412,-2.9968,1.4274,0.006155967712402344,0.06749264354970276
1311868179.832089,1.6072666800502098,-3.0268550327650425,1.4775188227684533,1311868179.8339,1.6482,-3.0046,1.4269,0.0018110275268554688,0.06879744460333609
1311868180.031945,1.6430545778351997,-3.0620122322145082,1.4812111157704904,1311868180.0305,1.69,-3.0379,1.4255,0.0014450550079345703,0.07673982554704348
1311868180.200023,1.681662488634792,-3.0893013554320397,1.4834327231083564,1311868180.2005,1.7327,-3.0618,1.4223,0.00047707557678222656,0.08425177714206449
1311868180.368101,1.7155638797623547,-3.115856050756398,1.4795496235130796,1311868180.3872,1.7759,-3.0881,1.4123,0.01909923553466797,0.09451644101199691
1311868180.400081,1.7215895919057247,-3.120050520893722,1.478280779574977,1311868180.3938,1.7772,-3.089,1.4119,0.0062808990478515625,0.09199489242977021
1311868180.468133,1.7319501442492782,-3.130161606865638,1.474975544207787,1311868180.4772,1.7927,-3.0985,1.4065,0.009067058563232422,0.09686022133776223
1311868180.500082,1.737077638298152,-3.1333089567618972,1.473841934507027,1311868180.4806,1.7932,-3.0989,1.4061,0.019481897354125977,0.09445986173602788
1311868182.236167,1.8750724354397188,-2.9048361029003007,1.485152860741373,1311868182.2406,1.9311,-2.8722,1.4189,0.004433155059814453,0.09270191346186592
1311868182.268066,1.877512933991161,-2.8967244146805533,1.4842586451819688,1311868182.2506,1.9318,-2.8693,1.4192,0.017465829849243164,0.08906071731876129
1311868182.368183,1.8858537813142109,-2.8689044722741195,1.4815524353403757,1311868182.3673,1.9382,-2.8345,1.4165,0.0008828639984130859,0.09030843629957765
1311868182.400284,1.888159986636838,-2.8573319194430837,1.4814169580387446,1311868182.384,1.9402,-2.8329,1.4163,0.01628398895263672,0.08686368575377777
1311868182.536127,1.8984258768780569,-2.811976822434645,1.487887835668347,1311868182.5406,1.9533,-2.7844,1.4235,0.004472970962524414,0.0889800197013248
1311868182.600295,1.9046907614252864,-2.7880690196796727,1.4950909312036413,1311868182.6106,1.9594,-2.7621,1.4304,0.010304927825927734,0.08861381014572403
1311868182.668039,1.912978276696144,-2.7650990982410835,1.5020753587674678,1311868182.6673,1.9663,-2.742,1.4364,0.0007390975952148438,0.08769280053048718
1311868182.700341,1.9169682582451424,-2.752498738957707,1.506489156116953,1311868182.684,1.9669,-2.7344,1.4379,0.016340970993041992,0.08674800011163832
1311868182.800181,1.931590581174278,-2.7184239780629396,1.512314429856174,1311868182.8106,1.984,-2.6872,1.4466,0.010419130325317383,0.08966643897828708
1311868182.836155,1.9372793448678447,-2.7056964454141106,1.514623277397925,1311868182.8406,1.9892,-2.677,1.4482,0.004445075988769531,0.08905780251633727
1311868182.868215,1.9429449952357196,-2.6945128201611905,1.5155959736169116,1311868182.874,1.9944,-2.6644,1.4499,0.0057849884033203125,0.08871505172644749
1311868182.900229,1.9489966950849145,-2.6809630353671303,1.5189420982388264,1311868182.8906,1.9973,-2.6577,1.4508,0.009629011154174805,0.08670480743650805
1311868182.936274,1.9559414410284246,-2.6670515505574026,1.5230197568746346,1311868182.9373,2.0053,-2.6387,1.4543,0.0010259151458740234,0.08923274481751839
1311868182.968092,1.9638297445714068,-2.652925470146922,1.527512580199764,1311868182.9673,2.0099,-2.6239,1.4573,0.0007920265197753906,0.08885242129966958
1311868183.036254,1.978676689610742,-2.623292079895924,1.5389418039631497,1311868183.044,2.0248,-2.592,1.4674,0.007745981216430664,0.09069059344705188
1311868183.068333,1.9846872691546946,-2.6090440322897974,1.5447996446069276,1311868183.0674,2.029,-2.582,1.4713,0.0009329319000244141,0.08998441840010273
1311868183.100611,1.9897864404998498,-2.5955504529854014,1.5504136566243671,1311868183.0906,2.0338,-2.5722,1.475,0.010010957717895508,0.09038615314280518
1311868183.136176,1.996558445648546,-2.581670970697383,1.5563824463237101,1311868183.144,2.0427,-2.5491,1.4833,0.007823944091796875,0.09236316977451518
1311868183.168211,2.0026673448089705,-2.566367662917202,1.5638104378997995,1311868183.1806,2.0478,-2.5343,1.4887,0.012388944625854492,0.09331060738770974
1311868183.200276,2.0080489921131592,-2.554357031552938,1.5671504982729287,1311868183.204,2.0506,-2.525,1.4917,0.0037240982055664062,0.09146147420318254
1311868183.26838,2.017803499583188,-2.5283450319612437,1.5738345917038052,1311868183.284,2.0587,-2.4943,1.4995,0.015619993209838867,0.09141782906717835
1311868183.300363,2.018929430003243,-2.515050912006471,1.5782245545717486,1311868183.2973,2.0601,-2.4896,1.5006,0.0030629634857177734,0.09147861076930142
1311868183.336308,2.0207745384293303,-2.505107604194005,1.5795419276717184,1311868183.3273,2.0616,-2.4801,1.5028,0.009007930755615234,0.09045121360575263
1311868183.368469,2.0233595548481618,-2.492723164099491,1.5838199925392038,1311868183.3607,2.0639,-2.469,1.5058,0.007769107818603516,0.09106830098238351
1311868183.400232,2.0265828731230675,-2.4812835344173823,1.5876259622149318,1311868183.3973,2.0654,-2.4571,1.5088,0.0029320716857910156,0.09113256824542171
1311868183.436153,2.029250824748427,-2.4732353954404918,1.5881252871284304,1311868183.4273,2.0659,-2.4474,1.5108,0.008852958679199219,0.08938584750217062
1311868183.500255,2.026731188357609,-2.45577938895052,1.5919823782474491,1311868183.494,2.0694,-2.428,1.5157,0.006255149841308594,0.09171326604436793
1311868183.536275,2.0285835285989218,-2.448759991846783,1.5911747434904953,1311868183.5373,2.0702,-2.4155,1.5182,0.0010251998901367188,0.09035192824189407
1311868183.568369,2.031464515682882,-2.434979936877239,1.595161922132719,1311868183.5673,2.0714,-2.4064,1.5195,0.0010688304901123047,0.09020189665615336
1311868183.600217,2.034529556052364,-2.4219613137154266,1.5985282877636189,1311868183.584,2.0712,-2.4013,1.5204,0.01621699333190918,0.08874480656713851
1311868183.636216,2.03956217975064,-2.4103527655943635,1.5987145330559334,1311868183.6373,2.0722,-2.3844,1.523,0.0010840892791748047,0.08643762993340097
1311868183.668587,2.042871099541679,-2.3954103075558515,1.6018733119775208,1311868183.6673,2.0728,-2.3745,1.5244,0.0012869834899902344,0.08564516398192415
1311868183.70023,2.0451616746046395,-2.3839703638776926,1.6033151787084379,1311868183.7007,2.0738,-2.364,1.5261,0.00047016143798828125,0.08474168359098132
1311868183.736414,2.0470046693185084,-2.372270821061745,1.6045851949085932,1311868183.7374,2.0738,-2.3526,1.528,0.0009860992431640625,0.08348786155340718
1311868183.768221,2.046716702313385,-2.3623284121497448,1.607179264849277,1311868183.7708,2.0763,-2.3444,1.5303,0.002579212188720703,0.08430314838718227
1311868183.80037,2.046229604443609,-2.3556162447365447,1.6072097672628989,1311868183.8007,2.0739,-2.3343,1.5321,0.0003299713134765625,0.08283423337124737
1311868183.83623,2.0443612293393363,-2.345680152348081,1.6103129799923543,1311868183.8374,2.0725,-2.323,1.5341,0.0011699199676513672,0.0843480767068259
1311868183.868506,2.0446873059484085,-2.335683381255855,1.6121638941483116,1311868183.8707,2.0724,-2.3136,1.5369,0.002193927764892578,0.08318847817851231
1311868183.900249,2.045180108852344,-2.323641756142503,1.6151342821962582,1311868183.894,2.0722,-2.3066,1.5388,0.006248950958251953,0.08274913056020423
1311868183.936316,2.045667525781744,-2.3103415841329222,1.6187176212384602,1311868183.9373,2.0711,-2.2928,1.5428,0.0009839534759521484,0.08196342558276194
1311868183.968498,2.046114893810791,-2.2935751347997924,1.6252019399660464,1311868183.9707,2.0709,-2.2832,1.5469,0.0022020339965820312,0.08278368627556147
1311868184.00044,2.0470285951963234,-2.280806575870117,1.6296294547227737,1311868183.9975,2.07,-2.2744,1.55,0.002939939498901367,0.08312388172168204
1311868184.036316,2.046220580332212,-2.2683578253078656,1.6356044556822043,1311868184.0374,2.0694,-2.2606,1.5558,0.0010840892791748047,0.08346388737876807
1311868184.070267,2.0441412158003884,-2.260859127592969,1.63833869209459,1311868184.0707,2.0688,-2.2497,1.5597,0.0004329681396484375,0.08316625313904003
1311868184.100684,2.0418139944311275,-2.2528170901878126,1.6406686603470173,1311868184.1008,2.0667,-2.2393,1.5632,0.00011610984802246094,0.08248283661635887
1311868184.136827,2.0412687144651724,-2.2421199856379217,1.6435518398885265,1311868184.1373,2.0686,-2.2289,1.566,0.0004730224609375,0.08328298181110455
1311868184.169015,2.0422003807409945,-2.2306998786848955,1.6468200514931348,1311868184.1807,2.0698,-2.2164,1.5694,0.01168513298034668,0.08342715317475746
1311868184.200464,2.0448599350041965,-2.221986301865719,1.646898715646778,1311868184.2007,2.0695,-2.21,1.57,0.00023603439331054688,0.08163465381526144
1311868184.236434,2.0487122352914993,-2.211476286766807,1.6470657980793248,1311868184.2373,2.0705,-2.1997,1.571,0.000865936279296875,0.07999620777544202
1311868184.268504,2.050267482778617,-2.2025547201703928,1.647837207093039,1311868184.2674,2.0714,-2.1918,1.5718,0.0011038780212402344,0.07964862932006542
1311868184.300643,2.050415856335662,-2.1963789084685046,1.6468455091740364,1311868184.2974,2.0716,-2.1828,1.5722,0.003242969512939453,0.0787724998831349
1311868184.336293,2.0494573731212644,-2.1880914425157045,1.6480196591684082,1311868184.3307,2.0733,-2.174,1.5728,0.005593061447143555,0.08015632684987205
